Workbook

Sheet 2.4.1.1.
A1: Ümumi Daxili Məhsul (real artım tempi, deflyatoru, neft-qaz və qeyri neft-qaz sektorunun payı, onların real artım tempi və deflyatoru)
A2: № | B2: Göstəricilər | C2: Ölçü vahidi | D2: Hesabat | P2: Proqnoz
D3: =E3-1 -> 2013 | E3: =F3-1 -> 2014 | F3: =G3-1 -> 2015 | G3: =H3-1 -> 2016 | H3: =I3-1 -> 2017 | I3: =J3-1 -> 2018 | J3: =K3-1 -> 2019 | K3: =L3-1 -> 2020 | L3: =M3-1 -> 2021 | M3: 2022 | N3: 2023 | O3: 2024 | P3: 2025 | Q3: 2026 | R3: 2027 | S3: 2028 | T3: 2029 | U3: 2030
A4: 1. | B4: ÜDM bazar qiymətləri ilə | C4: mln AZN | D4: 58182 | E4: 59014.1 | F4: 54379.9 | G4: 60425.2 | H4: 70337.826 | I4: ='[1]ÜDM sahələr üzrə'!AC5 -> 80092 | J4: ='[1]ÜDM sahələr üzrə'!AD5 -> 81896.2 | K4: ='[1]ÜDM sahələr üzrə'!AE5 -> 72578.1 | L4: ='[1]ÜDM sahələr üzrə'!AF5 -> 93203.2 | M4: ='[1]ÜDM sahələr üzrə'!AG5 -> 133972.67 | N4: ='[1]ÜDM sahələr üzrə'!AH5 -> 123128.43 | O4: ='[1]ÜDM sahələr üzrə'!AI5 -> 126337.01 | P4: ='[1]ÜDM sahələr üzrə'!AJ5 -> 128134.21 | ... U4: ='[1]ÜDM sahələr üzrə'!AO5 -> 168392.95
B5: real artım tempi | C5: % | D5: 5.9072614 | E5: 2.8217374 | F5: 0.90314242 | G5: -3.1333177 | H5: 0.1760722 | I5: ='[1]ÜDM sahələr üzrə'!AC6 -> 1.5 | J5: ='[1]ÜDM sahələr üzrə'!AD6 -> 2.5 | K5: ='[1]ÜDM sahələr üzrə'!AE6 -> -4.2 | L5: ='[1]ÜDM sahələr üzrə'!AF6 -> 5.6 | M5: ='[1]ÜDM sahələr üzrə'!AG6 -> 4.6692037 | N5: ='[1]ÜDM sahələr üzrə'!AH6 -> 1.4193535 | O5: ='[1]ÜDM sahələr üzrə'!AI6 -> 4.0660314 | P5: ='[1]ÜDM sahələr üzrə'!AJ6 -> 3.1046397 | ... U5: ='[1]ÜDM sahələr üzrə'!AO6 -> 0.97038857
B6: deflyator | C6: % | D6: 0.2526305 | E6: -1.2533811 | F6: -8.6774721 | G6: 14.711053 | H6: 16.200192 | I6: ='[1]ÜDM sahələr üzrə'!AC7 -> 12.184877 | J6: ='[1]ÜDM sahələr üzrə'!AD7 -> -0.24130786 | K6: ='[1]ÜDM sahələr üzrə'!AE7 -> -7.4926298 | L6: ='[1]ÜDM sahələr üzrə'!AF7 -> 21.607766 | M6: ='[1]ÜDM sahələr üzrə'!AG7 -> 37.330337 | N6: ='[1]ÜDM sahələr üzrə'!AH7 -> -9.3805785 | O6: ='[1]ÜDM sahələr üzrə'!AI7 -> -1.4031027 | P6: ='[1]ÜDM sahələr üzrə'!AJ7 -> -1.6314423 | ... U6: ='[1]ÜDM sahələr üzrə'!AO7 -> 4.6446213
A7: 2. | B7: Neft-qaz sektoru, ÜDM, bazar qiymətləri ilə | C7: mln AZN | D7: 24968.4 | E7: 22824.9 | F7: 16459.6 | G7: 20449.38 | H7: 26026.04 | I7: ='[1]ÜDM sahələr üzrə'!AC366 -> 33389.4 | J7: ='[1]ÜDM sahələr üzrə'!AD366 -> 31246 | K7: ='[1]ÜDM sahələr üzrə'!AE366 -> 21446.64 | L7: ='[1]ÜDM sahələr üzrə'!AF366 -> 35770.8 | M7: ='[1]ÜDM sahələr üzrə'!AG366 -> 64208.55 | N7: ='[1]ÜDM sahələr üzrə'!AH366 -> 44138.1 | O7: ='[1]ÜDM sahələr üzrə'!AI366 -> 40624.6 | P7: ='[1]ÜDM sahələr üzrə'!AJ366 -> 36348.777 | ... U7: ='[1]ÜDM sahələr üzrə'!AO366 -> 32416.158
B8: real artım tempi | C8: % | D8: 1.0042109 | E8: -2.9295213 | F8: 1.1756349 | G8: -0.022276969 | H8: -5.0304021 | I8: ='[1]ÜDM sahələr üzrə'!AC367 -> 0.55870987 | J8: ='[1]ÜDM sahələr üzrə'!AD367 -> 0.43042648 | K8: ='[1]ÜDM sahələr üzrə'!AE367 -> -6.3352038 | L8: ='[1]ÜDM sahələr üzrə'!AF367 -> 2.021485 | M8: ='[1]ÜDM sahələr üzrə'!AG367 -> -2.4391456 | N8: ='[1]ÜDM sahələr üzrə'!AH367 -> -1.9643523 | O8: ='[1]ÜDM sahələr üzrə'!AI367 -> 0.25228338 | P8: ='[1]ÜDM sahələr üzrə'!AJ367 -> -0.19901236 | ... U8: ='[1]ÜDM sahələr üzrə'!AO367 -> -1.0913633
B9: deflyator | C9: % | D9: -2.988586 | E9: -5.926004 | F9: -28.725455 | G9: 24.267519 | H9: 34.011895 | I9: ='[1]ÜDM sahələr üzrə'!AC368 -> 27.579677 | J9: ='[1]ÜDM sahələr üzrə'!AD368 -> -6.8204719 | K9: ='[1]ÜDM sahələr üzrə'!AE368 -> -26.719497 | L9: ='[1]ÜDM sahələr üzrə'!AF368 -> 63.484939 | M9: ='[1]ÜDM sahələr üzrə'!AG368 -> 83.987625 | N9: ='[1]ÜDM sahələr üzrə'!AH368 -> -29.880833 | O9: ='[1]ÜDM sahələr üzrə'!AI368 -> -8.1918596 | P9: ='[1]ÜDM sahələr üzrə'!AJ368 -> -10.346785 | ... U9: ='[1]ÜDM sahələr üzrə'!AO368 -> 1.1990834
B10: payı (ÜDM-də) | C10: % | D10: 42.914303 | E10: 38.677028 | F10: 30.267801 | G10: 33.84247 | H10: 37.001485 | I10: =I7/I4*100 -> 41.688808 | J10: =J7/J4*100 -> 38.153174 | K10: =K7/K4*100 -> 29.54974 | L10: =L7/L4*100 -> 38.379369 | M10: =M7/M4*100 -> 47.926601 | N10: =N7/N4*100 -> 35.847204 | O10: =O7/O4*100 -> 32.15574 | P10: =P7/P4*100 -> 28.367738 | ... U10: =U7/U4*100 -> 19.250306
A11: 3. | B11: Qeyri neft-qaz sektoru, ÜDM, bazar qiymətləri ilə | C11: mln AZN | D11: 33213.651 | E11: 36189.121 | F11: 37920.535 | G11: 40008.562 | H11: 44311.786 | I11: ='[1]ÜDM sahələr üzrə'!AC363 -> 46702.58 | J11: ='[1]ÜDM sahələr üzrə'!AD363 -> 50650.2 | K11: ='[1]ÜDM sahələr üzrə'!AE363 -> 51131.45 | L11: ='[1]ÜDM sahələr üzrə'!AF363 -> 57432.43 | M11: ='[1]ÜDM sahələr üzrə'!AG363 -> 69764.125 | N11: ='[1]ÜDM sahələr üzrə'!AH363 -> 78990.333 | O11: ='[1]ÜDM sahələr üzrə'!AI363 -> 85712.41 | P11: ='[1]ÜDM sahələr üzrə'!AJ363 -> 91785.436 | ... U11: ='[1]ÜDM sahələr üzrə'!AO363 -> 135976.79
B12: real artım tempi | C12: % | D12: 10.176893 | E12: 6.9700734 | F12: 0.73128018 | G12: -4.4836613 | H12: 2.8370878 | I12: ='[1]ÜDM sahələr üzrə'!AC364 -> 1.9983642 | J12: ='[1]ÜDM sahələr üzrə'!AD364 -> 3.9551682 | K12: ='[1]ÜDM sahələr üzrə'!AE364 -> -2.9486197 | L12: ='[1]ÜDM sahələr üzrə'!AF364 -> 7.1321752 | M12: ='[1]ÜDM sahələr üzrə'!AG364 -> 9.0965142 | N12: ='[1]ÜDM sahələr üzrə'!AH364 -> 4.5336024 | O12: ='[1]ÜDM sahələr üzrə'!AI364 -> 6.1970718 | P12: ='[1]ÜDM sahələr üzrə'!AJ364 -> 4.670452 | ... U12: ='[1]ÜDM sahələr üzrə'!AO364 -> 1.4961981
B13: deflyator | C13: % | D13: 3.0200935 | E13: 1.9589337 | F13: 4.0236454 | G13: 10.458927 | H13: 7.7002087 | I13: ='[1]ÜDM sahələr üzrə'!AC365 -> 3.3304389 | J13: ='[1]ÜDM sahələr üzrə'!AD365 -> 4.3263963 | K13: ='[1]ÜDM sahələr üzrə'!AE365 -> 4.0172165 | L13: ='[1]ÜDM sahələr üzrə'!AF365 -> 4.8453468 | M13: ='[1]ÜDM sahələr üzrə'!AG365 -> 11.343299 | N13: ='[1]ÜDM sahələr üzrə'!AH365 -> 8.3143197 | O13: ='[1]ÜDM sahələr üzrə'!AI365 -> 2.177958 | P13: ='[1]ÜDM sahələr üzrə'!AJ365 -> 2.3071459 | ... U13: ='[1]ÜDM sahələr üzrə'!AO365 -> 5.5009362
B14: payı (ÜDM-də) | C14: % | D14: 57.085784 | E14: 61.322838 | F14: 69.732631 | G14: 66.211717 | H14: 62.998515 | I14: =I11/I4*100 -> 58.311167 | J14: =J11/J4*100 -> 61.846826 | K14: =K11/K4*100 -> 70.450246 | L14: =L11/L4*100 -> 61.620663 | M14: =M11/M4*100 -> 52.073399 | N14: =N11/N4*100 -> 64.152796 | O14: =O11/O4*100 -> 67.84426 | P14: =P11/P4*100 -> 71.632262 | ... U14: =U11/U4*100 -> 80.749694
B16: Əhali:
B17: İşğal olunmuş torpaqlar nəzərə alınmaqla (dövrün sonuna) | C17: min nəfər | D17: 9477.1 | E17: 9593 | F17: 9705.6 | G17: 9810 | H17: 9898.1 | I17: =[2]add9!AC5 -> 9951.4 | J17: =[2]add9!AD5 -> 9974 | K17: =[2]add9!AE5 -> 10026.1 | L17: =[2]add9!AF5 -> 10063.3 | M17: =[2]add9!AG5 -> 10127.145 | N17: =[2]add9!AH5 -> 10180.8 | O17: =[2]add9!AI5 -> 10224.9 | P17: =[2]add9!AJ5 -> 10269.4 | ... U17: =[2]add9!AO5 -> 10488.8
B18: İşğal olunmuş torpaqlar nəzərə alınmadan (orta illik) | C18: min nəfər | D18: 9296.8 | E18: 9415.05 | F18: 9529.3 | G18: 9637.8 | H18: 9734.05 | I18: =([2]add9!AC6+[2]add9!AB6)/2 -> 9804.75 | J18: =([2]add9!AD6+[2]add9!AC6)/2 -> 9902.7 | K18: =([2]add9!AE6+[2]add9!AD6)/2 -> 10000.05 | L18: =([2]add9!AF6+[2]add9!AE6)/2 -> 10044.7 | M18: =([2]add9!AG6+[2]add9!AF6)/2 -> 10095.222 | N18: =([2]add9!AH6+[2]add9!AG6)/2 -> 10153.972 | O18: =([2]add9!AI6+[2]add9!AH6)/2 -> 10202.85 | P18: =([2]add9!AJ6+[2]add9!AI6)/2 -> 10247.15 | ... U18: =([2]add9!AO6+[2]add9!AN6)/2 -> 10462.15
B19: Adambaşına düşən ÜDM-in həcmi:
B20: Manatla | C20: AZN | D20: =D4/D18*1000 -> 6258.2824 | E20: =E4/E18*1000 -> 6268.0602 | F20: =F4/F18*1000 -> 5706.5996 | G20: =G4/G18*1000 -> 6269.6051 | H20: =H4/H18*1000 -> 7225.957 | I20: =I4/I18*1000 -> 8168.6937 | J20: =J4/J18*1000 -> 8270.088 | K20: =K4/K18*1000 -> 7257.7737 | ... U20: =U4/U18*1000 -> 16095.444
B21: ABŞ dolları ilə | C21: USD | D21: =D20/D30 -> #REF! | E21: =E20/E30 -> #REF! | F21: =F20/F30 -> #REF! | G21: =G20/G30 -> #REF! | H21: =H20/H30 -> #REF! | I21: =I20/I30 -> #REF! | J21: =J20/J30 -> #REF! | K21: =K20/K30 -> #REF! | ... O21: =O20/O30 -> #REF! | P21: =P20/1.7 -> 7355.5151 | Q21: =Q20/1.7 -> 7433.7737 | R21: =R20/1.7 -> 7821.8627 | S21: =S20/1.7 -> 8316.1092 | T21: =T20/1.7 -> 9000.5123 | U21: =U20/1.7 -> 9467.908
B22: real artım tempi | C22: % | E22: =(1+E5/100)/(E18/D18)*100-100 -> 1.5303294 | F22: =(1+F5/100)/(F18/E18)*100-100 -> -0.30661948 | G22: =(1+G5/100)/(G18/F18)*100-100 -> -4.2238192 | H22: =(1+H5/100)/(H18/G18)*100-100 -> -0.81446585 | I22: =(1+I5/100)/(I18/H18)*100-100 -> 0.76810475 | J22: =(1+J5/100)/(J18/I18)*100-100 -> 1.4861477 | K22: =(1+K5/100)/(K18/J18)*100-100 -> -5.1326083 | L22: =(1+L5/100)/(L18/K18)*100-100 -> 5.1305942 | ... U22: =(1+U5/100)/(U18/T18)*100-100 -> 0.52402903
B23: Gəlirlər | C23: mln AZN | D23: ='2.4.1.5.-7.'!D30 -> 37562 | E23: ='2.4.1.5.-7.'!E30 -> 39472.2 | F23: ='2.4.1.5.-7.'!F30 -> 41744.8 | G23: ='2.4.1.5.-7.'!G30 -> 45395.1 | H23: ='2.4.1.5.-7.'!H30 -> 49187.9 | I23: ='2.4.1.5.-7.'!I30 -> 53103.7 | J23: ='2.4.1.5.-7.'!J30 -> 56769 | K23: ='2.4.1.5.-7.'!K30 -> 55754.1 | ... U23: ='2.4.1.5.-7.'!U30 -> 140165.6
B24: real artım tempi | C24: % | D24: ='2.4.1.5.-7.'!D31 -> 5.2923623 | E24: ='2.4.1.5.-7.'!E31 -> 3.7450757 | F24: ='2.4.1.5.-7.'!F31 -> 1.6808443 | G24: ='2.4.1.5.-7.'!G31 -> -3.2911345 | H24: ='2.4.1.5.-7.'!H31 -> -4.0568381 | I24: ='2.4.1.5.-7.'!I31 -> 5.5336275 | J24: ='2.4.1.5.-7.'!J31 -> 4.1931341 | K24: ='2.4.1.5.-7.'!K31 -> -4.425517 | ... U24: ='2.4.1.5.-7.'!U31 -> 1.6907043
B25: Xərclər | C25: mln AZN | D25: ='2.4.1.5.-7.'!D32 -> 28021.2 | E25: ='2.4.1.5.-7.'!E32 -> 30799.6 | F25: ='2.4.1.5.-7.'!F32 -> 34963.4 | G25: ='2.4.1.5.-7.'!G32 -> 39775 | H25: ='2.4.1.5.-7.'!H32 -> 44498.4 | I25: ='2.4.1.5.-7.'!I32 -> 47557.2 | J25: ='2.4.1.5.-7.'!J32 -> 51927.4 | K25: ='2.4.1.5.-7.'!K32 -> 49826.4 | ... U25: ='2.4.1.5.-7.'!U32 -> 134654.98
B26: real artım tempi | C26: % | D26: ='2.4.1.5.-7.'!D33 -> 9.7382306 | E26: ='2.4.1.5.-7.'!E33 -> 8.5087646 | F26: ='2.4.1.5.-7.'!F33 -> 9.1431978 | G26: ='2.4.1.5.-7.'!G33 -> 1.1710426 | H26: ='2.4.1.5.-7.'!H33 -> -0.93986168 | I26: ='2.4.1.5.-7.'!I33 -> 4.4711193 | J26: ='2.4.1.5.-7.'!J33 -> 6.4223734 | K26: ='2.4.1.5.-7.'!K33 -> -6.6231275 | ... U26: ='2.4.1.5.-7.'!U33 -> 1.3726534
B27: Neftin qiyməti | C27: USD/ barel | D27: ='2.4.1.5.-7.'!D4 -> 104.94 | E27: ='2.4.1.5.-7.'!E4 -> 94.76 | F27: ='2.4.1.5.-7.'!F4 -> 52.292257 | G27: ='2.4.1.5.-7.'!G4 -> 43.477243 | H27: ='2.4.1.5.-7.'!H4 -> 55.174566 | I27: ='2.4.1.5.-7.'!I4 -> 71.530797 | J27: ='2.4.1.5.-7.'!J4 -> 64.03 | K27: ='2.4.1.5.-7.'!K4 -> 42.3 | ... U27: ='2.4.1.5.-7.'!U4 -> 65
B28: İnflyasiya (İQİ, orta illik) | C28: % | D28: =#REF! -> #REF! | E28: =#REF! -> #REF! | F28: =#REF! -> #REF! | G28: =#REF! -> #REF! | H28: =#REF! -> #REF! | I28: =#REF! -> #REF! | J28: =#REF! -> #REF! | K28: =#REF! -> #REF! | ... O28: =#REF! -> #REF! | P28: ='2.4.1.5.-7.'!P54 -> 1.7422721 | Q28: ='2.4.1.5.-7.'!Q54 -> 2.7179719 | R28: ='2.4.1.5.-7.'!R54 -> 5.0653075 | S28: ='2.4.1.5.-7.'!S54 -> 6.7020945 | T28: ='2.4.1.5.-7.'!T54 -> 7.0662045 | U28: ='2.4.1.5.-7.'!U54 -> 7.2035648
B29: Valyuta məzənnəsi (orta illik):
B30: ABŞ dolları | C30: AZN/USD | D30: =#REF! -> #REF! | E30: =#REF! -> #REF! | F30: =#REF! -> #REF! | G30: =#REF! -> #REF! | H30: =#REF! -> #REF! | I30: =#REF! -> #REF! | J30: =#REF! -> #REF! | K30: =#REF! -> #REF! | ... R30: =#REF! -> #REF!
B31: Avro | C31: AZN/EUR | D31: =#REF! -> #REF! | E31: =#REF! -> #REF! | F31: =#REF! -> #REF! | G31: =#REF! -> #REF! | H31: =#REF! -> #REF! | I31: =#REF! -> #REF! | J31: =#REF! -> #REF! | K31: =#REF! -> #REF! | ... O31: =#REF! -> #REF!

Sheet 2.4.1.2.
A1: Ümumi Daxili Məhsulun istehsal strukturu (onların artım və deflyator indeksləri, ümumi buraxılışı, aralıq istehlakı, əlavə dəyəri)
A2: № | B2: Göstəricilər | C2: Ölçü vahidi | D2: Hesabat | P2: Proqnoz
D3: =E3-1 -> 2013 | E3: =F3-1 -> 2014 | F3: =G3-1 -> 2015 | G3: =H3-1 -> 2016 | H3: =I3-1 -> 2017 | I3: =J3-1 -> 2018 | J3: =K3-1 -> 2019 | K3: =L3-1 -> 2020 | L3: =M3-1 -> 2021 | M3: 2022 | N3: 2023 | O3: 2024 | P3: 2025 | Q3: 2026 | R3: 2027 | S3: 2028 | T3: 2029 | U3: 2030
A4: 1. | B4: Kənd, meşə və balıqçılıq təsərrüfatı
A5: a | B5: ümumi buraxılış | C5: mln AZN | D5: 5836.7 | E5: 5814.8 | F5: 6196.5 | G5: 6222.4 | H5: 7260.5 | I5: ='[1]ÜDM sahələr üzrə'!AC260 -> 7693.4 | J5: ='[1]ÜDM sahələr üzrə'!AD260 -> 8608.8 | K5: ='[1]ÜDM sahələr üzrə'!AE260 -> 9057.2 | L5: ='[1]ÜDM sahələr üzrə'!AF260 -> 9991.1 | M5: ='[1]ÜDM sahələr üzrə'!AG260 -> 11916.9 | N5: ='[1]ÜDM sahələr üzrə'!AH260 -> 13228.5 | O5: ='[1]ÜDM sahələr üzrə'!AI260 -> 13949.2 | P5: ='[1]ÜDM sahələr üzrə'!AJ260 -> 14692.736 | ... U5: ='[1]ÜDM sahələr üzrə'!AO260 -> 17857.038
A6: b | B6: aralıq istehlak | C6: mln AZN | D6: 2714.5 | E6: 2675.7 | F6: 2837.2 | G6: 2835.6 | H6: 3316.4 | I6: ='[1]ÜDM sahələr üzrə'!AC261 -> 3522.9 | J6: ='[1]ÜDM sahələr üzrə'!AD261 -> 3944.6 | K6: ='[1]ÜDM sahələr üzrə'!AE261 -> 4166.2 | L6: ='[1]ÜDM sahələr üzrə'!AF261 -> 4654.34 | M6: ='[1]ÜDM sahələr üzrə'!AG261 -> 5737.8 | N6: ='[1]ÜDM sahələr üzrə'!AH261 -> 6443.4 | O6: ='[1]ÜDM sahələr üzrə'!AI261 -> 6802.1 | P6: ='[1]ÜDM sahələr üzrə'!AJ261 -> 7164.6731 | ... U6: ='[1]ÜDM sahələr üzrə'!AO261 -> 8707.6935
A7: c | B7: əlavə dəyər | C7: mln AZN | D7: 3122.2 | E7: 3139.2 | F7: 3359.3 | G7: 3386.8 | H7: 3944.12 | I7: ='[1]ÜDM sahələr üzrə'!AC262 -> 4174.8 | J7: ='[1]ÜDM sahələr üzrə'!AD262 -> 4664.2 | K7: ='[1]ÜDM sahələr üzrə'!AE262 -> 4891 | L7: ='[1]ÜDM sahələr üzrə'!AF262 -> 5336.76 | M7: ='[1]ÜDM sahələr üzrə'!AG262 -> 6179.1 | N7: ='[1]ÜDM sahələr üzrə'!AH262 -> 6785.1 | O7: ='[1]ÜDM sahələr üzrə'!AI262 -> 7147.1 | P7: ='[1]ÜDM sahələr üzrə'!AJ262 -> 7528.0627 | ... U7: ='[1]ÜDM sahələr üzrə'!AO262 -> 9149.3445
B8: əlavə dəyərin xüsusi çəkisi | C8: % | D8: 53.492556 | E8: 53.98638 | F8: 54.212862 | G8: 54.429159 | H8: 54.322981 | I8: ='[1]ÜDM sahələr üzrə'!AC263 -> 54.264694 | J8: ='[1]ÜDM sahələr üzrə'!AD263 -> 54.179444 | K8: ='[1]ÜDM sahələr üzrə'!AE263 -> 54.001237 | L8: ='[1]ÜDM sahələr üzrə'!AF263 -> 53.415139 | M8: ='[1]ÜDM sahələr üzrə'!AG263 -> 51.851572 | N8: ='[1]ÜDM sahələr üzrə'!AH263 -> 51.29153 | O8: ='[1]ÜDM sahələr üzrə'!AI263 -> 51.23663 | P8: ='[1]ÜDM sahələr üzrə'!AJ263 -> 51.23663 | ... U8: ='[1]ÜDM sahələr üzrə'!AO263 -> 51.23663
B9: real artım tempi | C9: % | D9: 4.85 | E9: -2.6 | F9: 6.6 | G9: 2.6 | H9: 4.2 | I9: ='[1]ÜDM sahələr üzrə'!AC264 -> 4.6 | J9: ='[1]ÜDM sahələr üzrə'!AD264 -> 7.25 | K9: ='[1]ÜDM sahələr üzrə'!AE264 -> 1.949 | L9: ='[1]ÜDM sahələr üzrə'!AF264 -> 3.3 | M9: ='[1]ÜDM sahələr üzrə'!AG264 -> 3.4 | N9: ='[1]ÜDM sahələr üzrə'!AH264 -> 2.96 | O9: ='[1]ÜDM sahələr üzrə'!AI264 -> 1.4 | P9: ='[1]ÜDM sahələr üzrə'!AJ264 -> 2.3377665 | ... U9: ='[1]ÜDM sahələr üzrə'!AO264 -> 1.0872394
B10: deflyator | C10: % | D10: 5.8313885 | E10: 3.228427 | F10: 0.38587286 | G10: -1.736235 | H10: 11.761662 | I10: ='[1]ÜDM sahələr üzrə'!AC265 -> 1.1943051 | J10: ='[1]ÜDM sahələr üzrə'!AD265 -> 4.1703657 | K10: ='[1]ÜDM sahələr üzrə'!AE265 -> 2.8578703 | L10: ='[1]ÜDM sahələr üzrə'!AF265 -> 5.6281536 | M10: ='[1]ÜDM sahələr üzrə'!AG265 -> 11.976532 | N10: ='[1]ÜDM sahələr üzrə'!AH265 -> 6.6504016 | O10: ='[1]ÜDM sahələr üzrə'!AI265 -> 3.8808874 | P10: ='[1]ÜDM sahələr üzrə'!AJ265 -> 2.9241846 | ... U10: ='[1]ÜDM sahələr üzrə'!AO265 -> 1.7186532
A11: 2. | B11: Mədənçıxarma sənayesi
A12: a | B12: ümumi buraxılış | C12: mln AZN | D12: 24656.5 | E12: 21981 | F12: 16432.2 | G12: 21186.2 | H12: 28026 | I12: ='[1]ÜDM sahələr üzrə'!AC25 -> 34935 | J12: ='[1]ÜDM sahələr üzrə'!AD25 -> 32863.9 | K12: ='[1]ÜDM sahələr üzrə'!AE25 -> 22815 | L12: ='[1]ÜDM sahələr üzrə'!AF25 -> 36222.09 | M12: ='[1]ÜDM sahələr üzrə'!AG25 -> 64742.26 | N12: ='[1]ÜDM sahələr üzrə'!AH25 -> 45112.8 | O12: ='[1]ÜDM sahələr üzrə'!AI25 -> 41179.5 | P12: ='[1]ÜDM sahələr üzrə'!AJ25 -> 36430.199 | ... U12: ='[1]ÜDM sahələr üzrə'!AO25 -> 34261.72
A13: b | B13: aralıq istehlak | C13: mln AZN | D13: 1866.3 | E13: 1758.7 | F13: 2061.96 | G13: 2629.18 | H13: 3986.605 | I13: ='[1]ÜDM sahələr üzrə'!AC26 -> 3893.67 | J13: ='[1]ÜDM sahələr üzrə'!AD26 -> 4017.1 | K13: ='[1]ÜDM sahələr üzrə'!AE26 -> 3566.8 | L13: ='[1]ÜDM sahələr üzrə'!AF26 -> 3572.15 | M13: ='[1]ÜDM sahələr üzrə'!AG26 -> 4599.2 | N13: ='[1]ÜDM sahələr üzrə'!AH26 -> 4215.65 | O13: ='[1]ÜDM sahələr üzrə'!AI26 -> 4043.5 | P13: ='[1]ÜDM sahələr üzrə'!AJ26 -> 3922.9494 | ... U13: ='[1]ÜDM sahələr üzrə'!AO26 -> 5051.9808
A14: c | B14: əlavə dəyər | C14: mln AZN | D14: 22790.2 | E14: 20222.3 | F14: 14370.24 | G14: 18557.02 | H14: 24039.395 | I14: ='[1]ÜDM sahələr üzrə'!AC27 -> 31041.4 | J14: ='[1]ÜDM sahələr üzrə'!AD27 -> 28846.8 | K14: ='[1]ÜDM sahələr üzrə'!AE27 -> 19248.2 | L14: ='[1]ÜDM sahələr üzrə'!AF27 -> 32649.94 | M14: ='[1]ÜDM sahələr üzrə'!AG27 -> 60143.06 | N14: ='[1]ÜDM sahələr üzrə'!AH27 -> 40897.15 | O14: ='[1]ÜDM sahələr üzrə'!AI27 -> 37136 | P14: ='[1]ÜDM sahələr üzrə'!AJ27 -> 32507.25 | ... U14: ='[1]ÜDM sahələr üzrə'!AO27 -> 29209.739
B15: əlavə dəyərin xüsusi çəkisi | C15: % | D15: 92.430799 | E15: 91.998999 | F15: 87.451711 | G15: 87.590129 | H15: 85.775334 | I15: ='[1]ÜDM sahələr üzrə'!AC28 -> 88.85473 | J15: ='[1]ÜDM sahələr üzrə'!AD28 -> 87.776557 | K15: ='[1]ÜDM sahələr üzrə'!AE28 -> 84.366426 | L15: ='[1]ÜDM sahələr üzrə'!AF28 -> 90.1382 | M15: ='[1]ÜDM sahələr üzrə'!AG28 -> 92.896139 | N15: ='[1]ÜDM sahələr üzrə'!AH28 -> 90.655313 | O15: ='[1]ÜDM sahələr üzrə'!AI28 -> 90.180794 | P15: ='[1]ÜDM sahələr üzrə'!AJ28 -> 89.2316 | ... U15: ='[1]ÜDM sahələr üzrə'!AO28 -> 85.254737
B16: real artım tempi | C16: % | D16: 0.65307656 | E16: -2.7035704 | F16: 0.92485128 | G16: 0.74599213 | H16: -4.6299529 | I16: ='[1]ÜDM sahələr üzrə'!AC29 -> 0.36036077 | J16: ='[1]ÜDM sahələr üzrə'!AD29 -> 0.59694489 | K16: ='[1]ÜDM sahələr üzrə'!AE29 -> -6.6697786 | L16: ='[1]ÜDM sahələr üzrə'!AF29 -> 0.54720889 | M16: ='[1]ÜDM sahələr üzrə'!AG29 -> -2.3789937 | N16: ='[1]ÜDM sahələr üzrə'!AH29 -> -3.0764101 | O16: ='[1]ÜDM sahələr üzrə'!AI29 -> 0.81941832 | P16: ='[1]ÜDM sahələr üzrə'!AJ29 -> -0.37594767 | ... U16: ='[1]ÜDM sahələr üzrə'!AO29 -> -1.6208316
B17: deflyator | C17: % | D17: -4.0819106 | E17: -8.8019591 | F17: -29.589836 | G17: 28.178869 | H17: 35.832377 | I17: ='[1]ÜDM sahələr üzrə'!AC30 -> 28.66353 | J17: ='[1]ÜDM sahələr üzrə'!AD30 -> -7.6213626 | K17: ='[1]ÜDM sahələr üzrə'!AE30 -> -28.505903 | L17: ='[1]ÜDM sahələr üzrə'!AF30 -> 68.702782 | M17: ='[1]ÜDM sahələr üzrə'!AG30 -> 88.694766 | N17: ='[1]ÜDM sahələr üzrə'!AH30 -> -29.841866 | O17: ='[1]ÜDM sahələr üzrə'!AI30 -> -9.9346188 | P17: ='[1]ÜDM sahələr üzrə'!AJ30 -> -12.133991 | ... U17: ='[1]ÜDM sahələr üzrə'!AO30 -> 0.78378695
A18: 2.1. | B18: Xam neft və təbii qaz hasilatı
A19: a | B19: ümumi buraxılış | C19: mln AZN | D19: 23657.8 | E19: 20976.8 | F19: 14787.2 | G19: 18846.8 | H19: 24374.9 | I19: ='[1]ÜDM sahələr üzrə'!AC33 -> 31417.2 | J19: ='[1]ÜDM sahələr üzrə'!AD33 -> 29261.6 | K19: ='[1]ÜDM sahələr üzrə'!AE33 -> 19320.6 | L19: ='[1]ÜDM sahələr üzrə'!AF33 -> 33711.9 | M19: ='[1]ÜDM sahələr üzrə'!AG33 -> 62293.26 | N19: ='[1]ÜDM sahələr üzrə'!AH33 -> 42133.5 | O19: ='[1]ÜDM sahələr üzrə'!AI33 -> 38009.6 | P19: ='[1]ÜDM sahələr üzrə'!AJ33 -> 32631.383 | ... U19: ='[1]ÜDM sahələr üzrə'!AO33 -> 27258.694
A20: b | B20: aralıq istehlak | C20: mln AZN | D20: 1238.3 | E20: 1130 | F20: 1030.9 | G20: 1162.76 | H20: 1699.8 | I20: ='[1]ÜDM sahələr üzrə'!AC34 -> 1702.7 | J20: ='[1]ÜDM sahələr üzrə'!AD34 -> 1754.45 | K20: ='[1]ÜDM sahələr üzrə'!AE34 -> 1668.01 | L20: ='[1]ÜDM sahələr üzrə'!AF34 -> 2516.6 | M20: ='[1]ÜDM sahələr üzrə'!AG34 -> 3570.6 | N20: ='[1]ÜDM sahələr üzrə'!AH34 -> 3047.3 | O20: ='[1]ÜDM sahələr üzrə'!AI34 -> 2793.9 | P20: ='[1]ÜDM sahələr üzrə'!AJ34 -> 2398.5735 | ... U20: ='[1]ÜDM sahələr üzrə'!AO34 -> 2003.6534
A21: c | B21: əlavə dəyər | C21: mln AZN | D21: 22419.5 | E21: 19846.8 | F21: 13756.3 | G21: 17684.04 | H21: 22675.1 | I21: ='[1]ÜDM sahələr üzrə'!AC35 -> 29714.5 | J21: ='[1]ÜDM sahələr üzrə'!AD35 -> 27507.15 | K21: ='[1]ÜDM sahələr üzrə'!AE35 -> 17652.59 | L21: ='[1]ÜDM sahələr üzrə'!AF35 -> 31195.3 | M21: ='[1]ÜDM sahələr üzrə'!AG35 -> 58722.66 | N21: ='[1]ÜDM sahələr üzrə'!AH35 -> 39086.2 | O21: ='[1]ÜDM sahələr üzrə'!AI35 -> 35215.7 | P21: ='[1]ÜDM sahələr üzrə'!AJ35 -> 30232.809 | ... U21: ='[1]ÜDM sahələr üzrə'!AO35 -> 25255.04
B22: əlavə dəyərin xüsusi çəkisi | C22: % | D22: 94.765785 | E22: 94.613096 | F22: 93.02843 | G22: 93.830465 | H22: 93.026433 | I22: ='[1]ÜDM sahələr üzrə'!AC36 -> 94.580357 | J22: ='[1]ÜDM sahələr üzrə'!AD36 -> 94.004258 | K22: ='[1]ÜDM sahələr üzrə'!AE36 -> 91.366676 | L22: ='[1]ÜDM sahələr üzrə'!AF36 -> 92.53498 | M22: ='[1]ÜDM sahələr üzrə'!AG36 -> 94.26808 | N22: ='[1]ÜDM sahələr üzrə'!AH36 -> 92.767513 | O22: ='[1]ÜDM sahələr üzrə'!AI36 -> 92.649489 | P22: ='[1]ÜDM sahələr üzrə'!AJ36 -> 92.649489 | ... U22: ='[1]ÜDM sahələr üzrə'!AO36 -> 92.649489
B23: real artım tempi | C23: % | D23: 0.4770133 | E23: -2.8 | F23: -0.5 | G23: -0.2 | H23: -6.165 | I23: ='[1]ÜDM sahələr üzrə'!AC37 -> 1.07 | J23: ='[1]ÜDM sahələr üzrə'!AD37 -> 0.23 | K23: ='[1]ÜDM sahələr üzrə'!AE37 -> -6.1 | L23: ='[1]ÜDM sahələr üzrə'!AF37 -> 4.77 | M23: ='[1]ÜDM sahələr üzrə'!AG37 -> -1.783 | N23: ='[1]ÜDM sahələr üzrə'!AH37 -> -3.1 | O23: ='[1]ÜDM sahələr üzrə'!AI37 -> 1.095 | P23: ='[1]ÜDM sahələr üzrə'!AJ37 -> -1.0360244 | ... U23: ='[1]ÜDM sahələr üzrə'!AO37 -> -0.6842747
B24: deflyator | C24: % | D24: -3.8515971 | E24: -8.9251834 | F24: -30.339263 | G24: 28.80992 | H24: 36.647869 | I24: ='[1]ÜDM sahələr üzrə'!AC38 -> 29.657293 | J24: ='[1]ÜDM sahələr üzrə'!AD38 -> -7.640954 | K24: ='[1]ÜDM sahələr üzrə'!AE38 -> -31.656495 | L24: ='[1]ÜDM sahələr üzrə'!AF38 -> 68.672308 | M24: ='[1]ÜDM sahələr üzrə'!AG38 -> 91.659296 | N24: ='[1]ÜDM sahələr üzrə'!AH38 -> -31.309931 | O24: ='[1]ÜDM sahələr üzrə'!AI38 -> -10.878354 | P24: ='[1]ÜDM sahələr üzrə'!AJ38 -> -13.250886 | ... U24: ='[1]ÜDM sahələr üzrə'!AO38 -> 0.28505387
A25: 2.2. | B25: Metal filizlərinin hasilatı
A26: a | B26: ümumi buraxılış | C26: mln AZN | D26: 52.4 | E26: 55 | F26: 92.5 | G26: 127.9 | H26: 262.6 | I26: ='[1]ÜDM sahələr üzrə'!AC40 -> 248.4 | J26: ='[1]ÜDM sahələr üzrə'!AD40 -> 312.7 | K26: ='[1]ÜDM sahələr üzrə'!AE40 -> 390.4 | L26: ='[1]ÜDM sahələr üzrə'!AF40 -> 385.39 | M26: ='[1]ÜDM sahələr üzrə'!AG40 -> 361.4 | N26: ='[1]ÜDM sahələr üzrə'!AH40 -> 332.3 | O26: ='[1]ÜDM sahələr üzrə'!AI40 -> 382.4 | P26: ='[1]ÜDM sahələr üzrə'!AJ40 -> 637.19128 | ... U26: ='[1]ÜDM sahələr üzrə'!AO40 -> 2595.7405
A27: b | B27: aralıq istehlak | C27: mln AZN | D27: 35.2 | E27: 36.8 | F27: 61.6 | G27: 85.3 | H27: 175.16 | I27: ='[1]ÜDM sahələr üzrə'!AC41 -> 164.2 | J27: ='[1]ÜDM sahələr üzrə'!AD41 -> 206.99 | K27: ='[1]ÜDM sahələr üzrə'!AE41 -> 244.7 | L27: ='[1]ÜDM sahələr üzrə'!AF41 -> 189.49 | M27: ='[1]ÜDM sahələr üzrə'!AG41 -> 199 | N27: ='[1]ÜDM sahələr üzrə'!AH41 -> 173.5 | O27: ='[1]ÜDM sahələr üzrə'!AI41 -> 199.6 | P27: ='[1]ÜDM sahələr üzrə'!AJ41 -> 332.59252 | ... U27: ='[1]ÜDM sahələr üzrə'!AO41 -> 1354.8896
A28: c | B28: əlavə dəyər | C28: mln AZN | D28: 17.2 | E28: 18.2 | F28: 30.9 | G28: 42.6 | H28: 87.44 | I28: ='[1]ÜDM sahələr üzrə'!AC42 -> 84.2 | J28: ='[1]ÜDM sahələr üzrə'!AD42 -> 105.71 | K28: ='[1]ÜDM sahələr üzrə'!AE42 -> 145.7 | L28: ='[1]ÜDM sahələr üzrə'!AF42 -> 195.9 | M28: ='[1]ÜDM sahələr üzrə'!AG42 -> 162.4 | N28: ='[1]ÜDM sahələr üzrə'!AH42 -> 158.8 | O28: ='[1]ÜDM sahələr üzrə'!AI42 -> 182.8 | P28: ='[1]ÜDM sahələr üzrə'!AJ42 -> 304.59876 | ... U28: ='[1]ÜDM sahələr üzrə'!AO42 -> 1240.8508
B29: əlavə dəyərin xüsusi çəkisi | C29: % | D29: 32.824427 | E29: 33.090909 | F29: 33.405405 | G29: 33.307271 | H29: 33.297791 | I29: ='[1]ÜDM sahələr üzrə'!AC43 -> 33.89694 | J29: ='[1]ÜDM sahələr üzrə'!AD43 -> 33.805564 | K29: ='[1]ÜDM sahələr üzrə'!AE43 -> 37.320697 | L29: ='[1]ÜDM sahələr üzrə'!AF43 -> 50.831625 | M29: ='[1]ÜDM sahələr üzrə'!AG43 -> 44.936359 | N29: ='[1]ÜDM sahələr üzrə'!AH43 -> 47.788143 | O29: ='[1]ÜDM sahələr üzrə'!AI43 -> 47.803347 | P29: ='[1]ÜDM sahələr üzrə'!AJ43 -> 47.803347 | ... U29: ='[1]ÜDM sahələr üzrə'!AO43 -> 47.803347
B30: real artım tempi | C30: % | D30: -2.7 | E30: 16.1 | F30: 20.1 | G30: -11.58 | H30: 206.555 | I30: ='[1]ÜDM sahələr üzrə'!AC44 -> -32.78 | J30: ='[1]ÜDM sahələr üzrə'!AD44 -> 8.3 | K30: ='[1]ÜDM sahələr üzrə'!AE44 -> -5.22 | L30: ='[1]ÜDM sahələr üzrə'!AF44 -> -5.146 | M30: ='[1]ÜDM sahələr üzrə'!AG44 -> -3.8 | N30: ='[1]ÜDM sahələr üzrə'!AH44 -> -16.8 | O30: ='[1]ÜDM sahələr üzrə'!AI44 -> -11.2 | P30: ='[1]ÜDM sahələr üzrə'!AJ44 -> 70.693653 | ... U30: ='[1]ÜDM sahələr üzrə'!AO44 -> -11.3168
B31: deflyator | C31: % | D31: -69.730673 | E31: -9 | F31: 41.3 | G31: 55.919563 | H31: -33.043592 | I31: ='[1]ÜDM sahələr üzrə'!AC45 -> 43.252904 | J31: ='[1]ÜDM sahələr üzrə'!AD45 -> 15.924578 | K31: ='[1]ÜDM sahələr üzrə'!AE45 -> 45.420882 | L31: ='[1]ÜDM sahələr üzrə'!AF45 -> 41.748749 | M31: ='[1]ÜDM sahələr üzrə'!AG45 -> -13.825948 | N31: ='[1]ÜDM sahələr üzrə'!AH45 -> 17.527946 | O31: ='[1]ÜDM sahələr üzrə'!AI45 -> 29.632151 | P31: ='[1]ÜDM sahələr üzrə'!AJ45 -> -2.3809524 | ... U31: ='[1]ÜDM sahələr üzrə'!AO45 -> 0
A32: 2.3. | B32: Mədənçıxarma sənayesinin digər sahələri
A33: a | B33: ümumi buraxılış | C33: mln AZN | D33: 65.3 | E33: 49 | F33: 54.7 | G33: 37.7 | H33: 57.8 | I33: ='[1]ÜDM sahələr üzrə'!AC47 -> 60 | J33: ='[1]ÜDM sahələr üzrə'!AD47 -> 76.3 | K33: ='[1]ÜDM sahələr üzrə'!AE47 -> 81.5 | L33: ='[1]ÜDM sahələr üzrə'!AF47 -> 100 | M33: ='[1]ÜDM sahələr üzrə'!AG47 -> 180.3 | N33: ='[1]ÜDM sahələr üzrə'!AH47 -> 232.9 | O33: ='[1]ÜDM sahələr üzrə'!AI47 -> 256.7 | P33: ='[1]ÜDM sahələr üzrə'!AJ47 -> 295.37724 | ... U33: ='[1]ÜDM sahələr üzrə'!AO47 -> 569.89595
A34: b | B34: aralıq istehlak | C34: mln AZN | D34: 42.9 | E34: 32 | F34: 35.66 | G34: 24.62 | H34: 37.645 | I34: ='[1]ÜDM sahələr üzrə'!AC48 -> 39.02 | J34: ='[1]ÜDM sahələr üzrə'!AD48 -> 48.89 | K34: ='[1]ÜDM sahələr üzrə'!AE48 -> 49.18 | L34: ='[1]ÜDM sahələr üzrə'!AF48 -> 55.71 | M34: ='[1]ÜDM sahələr üzrə'!AG48 -> 98.16 | N34: ='[1]ÜDM sahələr üzrə'!AH48 -> 130.65 | O34: ='[1]ÜDM sahələr üzrə'!AI48 -> 144 | P34: ='[1]ÜDM sahələr üzrə'!AJ48 -> 165.69662 | ... U34: ='[1]ÜDM sahələr üzrə'!AO48 -> 319.69231
A35: c | B35: əlavə dəyər | C35: mln AZN | D35: 22.4 | E35: 17 | F35: 19.04 | G35: 13.08 | H35: 20.155 | I35: ='[1]ÜDM sahələr üzrə'!AC49 -> 20.98 | J35: ='[1]ÜDM sahələr üzrə'!AD49 -> 27.41 | K35: ='[1]ÜDM sahələr üzrə'!AE49 -> 32.32 | L35: ='[1]ÜDM sahələr üzrə'!AF49 -> 44.29 | M35: ='[1]ÜDM sahələr üzrə'!AG49 -> 82.14 | N35: ='[1]ÜDM sahələr üzrə'!AH49 -> 102.25 | O35: ='[1]ÜDM sahələr üzrə'!AI49 -> 112.7 | P35: ='[1]ÜDM sahələr üzrə'!AJ49 -> 129.68062 | ... U35: ='[1]ÜDM sahələr üzrə'!AO49 -> 250.20364
B36: əlavə dəyərin xüsusi çəkisi | C36: % | D36: 34.303216 | E36: 34.693878 | F36: 34.808044 | G36: 34.69496 | H36: 34.870242 | I36: ='[1]ÜDM sahələr üzrə'!AC50 -> 34.966667 | J36: ='[1]ÜDM sahələr üzrə'!AD50 -> 35.923984 | K36: ='[1]ÜDM sahələr üzrə'!AE50 -> 39.656442 | L36: ='[1]ÜDM sahələr üzrə'!AF50 -> 44.29 | M36: ='[1]ÜDM sahələr üzrə'!AG50 -> 45.557404 | N36: ='[1]ÜDM sahələr üzrə'!AH50 -> 43.902963 | O36: ='[1]ÜDM sahələr üzrə'!AI50 -> 43.903389 | P36: ='[1]ÜDM sahələr üzrə'!AJ50 -> 43.903389 | ... U36: ='[1]ÜDM sahələr üzrə'!AO50 -> 43.903389
B37: real artım tempi | C37: % | D37: -27.5 | E37: -0.5 | F37: 0.9 | G37: -8.3 | H37: 109.5 | I37: ='[1]ÜDM sahələr üzrə'!AC51 -> 66.6 | J37: ='[1]ÜDM sahələr üzrə'!AD51 -> 6.25 | K37: ='[1]ÜDM sahələr üzrə'!AE51 -> -10.35 | L37: ='[1]ÜDM sahələr üzrə'!AF51 -> 28.95 | M37: ='[1]ÜDM sahələr üzrə'!AG51 -> 12.55 | N37: ='[1]ÜDM sahələr üzrə'!AH51 -> -4.55 | O37: ='[1]ÜDM sahələr üzrə'!AI51 -> 35.7 | P37: ='[1]ÜDM sahələr üzrə'!AJ51 -> 13.096645 | ... U37: ='[1]ÜDM sahələr üzrə'!AO51 -> 7.8938796
B38: deflyator | C38: % | D38: 47.126437 | E38: -23.9 | F38: 11.3 | G38: -25.084538 | H38: -26.448585 | I38: ='[1]ÜDM sahələr üzrə'!AC52 -> -37.519041 | J38: ='[1]ÜDM sahələr üzrə'!AD52 -> 22.963046 | K38: ='[1]ÜDM sahələr üzrə'!AE52 -> 31.526124 | L38: ='[1]ÜDM sahələr üzrə'!AF52 -> 6.2705631 | M38: ='[1]ÜDM sahələr üzrə'!AG52 -> 64.779628 | N38: ='[1]ÜDM sahələr üzrə'!AH52 -> 30.416543 | O38: ='[1]ÜDM sahələr üzrə'!AI52 -> -18.776677 | P38: ='[1]ÜDM sahələr üzrə'!AJ52 -> 1.7422721 | ... U38: ='[1]ÜDM sahələr üzrə'!AO52 -> 7.2035648
A39: 2.4. | B39: Mədənçıxarma sənayesi sahəsinə xidmətlərin göstərilməsi
A40: a | B40: ümumi buraxılış | C40: mln AZN | D40: 881 | E40: 900.2 | F40: 1497.8 | G40: 2173.8 | H40: 3330.7 | I40: ='[1]ÜDM sahələr üzrə'!AC54 -> 3209.4 | J40: ='[1]ÜDM sahələr üzrə'!AD54 -> 3213.3 | K40: ='[1]ÜDM sahələr üzrə'!AE54 -> 3022.5 | L40: ='[1]ÜDM sahələr üzrə'!AF54 -> 2024.8 | M40: ='[1]ÜDM sahələr üzrə'!AG54 -> 1907.3 | N40: ='[1]ÜDM sahələr üzrə'!AH54 -> 2414.1 | O40: ='[1]ÜDM sahələr üzrə'!AI54 -> 2530.8 | P40: ='[1]ÜDM sahələr üzrə'!AJ54 -> 2866.2477 | ... U40: ='[1]ÜDM sahələr üzrə'!AO54 -> 3837.3896
A41: b | B41: aralıq istehlak | C41: mln AZN | D41: 549.9 | E41: 559.9 | F41: 933.8 | G41: 1356.5 | H41: 2074 | I41: ='[1]ÜDM sahələr üzrə'!AC55 -> 1987.75 | J41: ='[1]ÜDM sahələr üzrə'!AD55 -> 2006.82 | K41: ='[1]ÜDM sahələr üzrə'!AE55 -> 1604.9 | L41: ='[1]ÜDM sahələr üzrə'!AF55 -> 810.4 | M41: ='[1]ÜDM sahələr üzrə'!AG55 -> 731.44 | N41: ='[1]ÜDM sahələr üzrə'!AH55 -> 864.2 | O41: ='[1]ÜDM sahələr üzrə'!AI55 -> 906 | P41: ='[1]ÜDM sahələr üzrə'!AJ55 -> 1026.0868 | ... U41: ='[1]ÜDM sahələr üzrə'!AO55 -> 1373.7454
A42: c | B42: əlavə dəyər | C42: mln AZN | D42: 331.1 | E42: 340.3 | F42: 564 | G42: 817.3 | H42: 1256.7 | I42: ='[1]ÜDM sahələr üzrə'!AC56 -> 1221.65 | J42: ='[1]ÜDM sahələr üzrə'!AD56 -> 1206.48 | K42: ='[1]ÜDM sahələr üzrə'!AE56 -> 1417.6 | L42: ='[1]ÜDM sahələr üzrə'!AF56 -> 1214.4 | M42: ='[1]ÜDM sahələr üzrə'!AG56 -> 1175.86 | N42: ='[1]ÜDM sahələr üzrə'!AH56 -> 1549.9 | O42: ='[1]ÜDM sahələr üzrə'!AI56 -> 1624.8 | P42: ='[1]ÜDM sahələr üzrə'!AJ56 -> 1840.1609 | ... U42: ='[1]ÜDM sahələr üzrə'!AO56 -> 2463.6441
B43: əlavə dəyərin xüsusi çəkisi | C43: % | D43: 37.582293 | E43: 37.802711 | F43: 37.655228 | G43: 37.597755 | H43: 37.730807 | I43: ='[1]ÜDM sahələr üzrə'!AC57 -> 38.064747 | J43: ='[1]ÜDM sahələr üzrə'!AD57 -> 37.546448 | K43: ='[1]ÜDM sahələr üzrə'!AE57 -> 46.901572 | L43: ='[1]ÜDM sahələr üzrə'!AF57 -> 59.976294 | M43: ='[1]ÜDM sahələr üzrə'!AG57 -> 61.650501 | N43: ='[1]ÜDM sahələr üzrə'!AH57 -> 64.20198 | O43: ='[1]ÜDM sahələr üzrə'!AI57 -> 64.201043 | P43: ='[1]ÜDM sahələr üzrə'!AJ57 -> 64.201043 | ... U43: ='[1]ÜDM sahələr üzrə'!AO57 -> 64.201043
B44: real artım tempi | C44: % | D44: 15.9 | E44: 2.7 | F44: 83 | G44: 24.8 | H44: 15.75 | I44: ='[1]ÜDM sahələr üzrə'!AC58 -> -11.2 | J44: ='[1]ÜDM sahələr üzrə'!AD58 -> 8.9 | K44: ='[1]ÜDM sahələr üzrə'!AE58 -> -19.7 | L44: ='[1]ÜDM sahələr üzrə'!AF58 -> -52.1 | M44: ='[1]ÜDM sahələr üzrə'!AG58 -> -18 | N44: ='[1]ÜDM sahələr üzrə'!AH58 -> 0.1 | O44: ='[1]ÜDM sahələr üzrə'!AI58 -> -7.2 | P44: ='[1]ÜDM sahələr üzrə'!AJ58 -> 5.0002103 | ... U44: ='[1]ÜDM sahələr üzrə'!AO58 -> -6.5407118
B45: deflyator | C45: % | D45: -10.614109 | E45: 0.076549885 | F45: -9.4 | G45: 16.114862 | H45: 32.840076 | I45: ='[1]ÜDM sahələr üzrə'!AC59 -> 9.4717898 | J45: ='[1]ÜDM sahələr üzrə'!AD59 -> -9.3129139 | K45: ='[1]ÜDM sahələr üzrə'!AE59 -> 46.324831 | L45: ='[1]ÜDM sahələr üzrə'!AF59 -> 78.843245 | M45: ='[1]ÜDM sahələr üzrə'!AG59 -> 18.080996 | N45: ='[1]ÜDM sahələr üzrə'!AH59 -> 31.678231 | O45: ='[1]ÜDM sahələr üzrə'!AI59 -> 12.966131 | P45: ='[1]ÜDM sahələr üzrə'!AJ59 -> 7.8613179 | ... U45: ='[1]ÜDM sahələr üzrə'!AO59 -> 5.9595062
A46: 3. | B46: Emal sənayesi
A47: a | B47: ümumi buraxılış | C47: mln AZN | D47: 7243.7618 | E47: 8071.4536 | F47: 7909.88 | G47: 8887.7108 | H47: 9716.75 | I47: ='[1]ÜDM sahələr üzrə'!AC61 -> 10485.4 | J47: ='[1]ÜDM sahələr üzrə'!AD61 -> 11808 | K47: ='[1]ÜDM sahələr üzrə'!AE61 -> 11820.9 | L47: ='[1]ÜDM sahələr üzrə'!AF61 -> 15874.65 | M47: ='[1]ÜDM sahələr üzrə'!AG61 -> 18104.48 | N47: ='[1]ÜDM sahələr üzrə'!AH61 -> 18435.8 | O47: ='[1]ÜDM sahələr üzrə'!AI61 -> 19114.6 | P47: ='[1]ÜDM sahələr üzrə'!AJ61 -> 21710.352 | ... U47: ='[1]ÜDM sahələr üzrə'!AO61 -> 32994.446
A48: b | B48: aralıq istehlak | C48: mln AZN | D48: 4790.911 | E48: 5293.7326 | F48: 5195.6909 | G48: 5876.0786 | H48: 6411.3187 | I48: ='[1]ÜDM sahələr üzrə'!AC62 -> 6785.3 | J48: ='[1]ÜDM sahələr üzrə'!AD62 -> 7710.2 | K48: ='[1]ÜDM sahələr üzrə'!AE62 -> 7392.5 | L48: ='[1]ÜDM sahələr üzrə'!AF62 -> 9891.87 | M48: ='[1]ÜDM sahələr üzrə'!AG62 -> 11026.195 | N48: ='[1]ÜDM sahələr üzrə'!AH62 -> 12114.757 | O48: ='[1]ÜDM sahələr üzrə'!AI62 -> 12496.59 | P48: ='[1]ÜDM sahələr üzrə'!AJ62 -> 13892.888 | ... U48: ='[1]ÜDM sahələr üzrə'!AO62 -> 21249.718
A49: c | B49: əlavə dəyər | C49: mln AZN | D49: 2452.8508 | E49: 2777.821 | F49: 2714.0891 | G49: 3011.6321 | H49: 3305.4313 | I49: ='[1]ÜDM sahələr üzrə'!AC63 -> 3700.1 | J49: ='[1]ÜDM sahələr üzrə'!AD63 -> 4097.8 | K49: ='[1]ÜDM sahələr üzrə'!AE63 -> 4428.4 | L49: ='[1]ÜDM sahələr üzrə'!AF63 -> 5982.78 | M49: ='[1]ÜDM sahələr üzrə'!AG63 -> 7078.285 | N49: ='[1]ÜDM sahələr üzrə'!AH63 -> 6321.043 | O49: ='[1]ÜDM sahələr üzrə'!AI63 -> 6618.0099 | P49: ='[1]ÜDM sahələr üzrə'!AJ63 -> 7817.4642 | ... U49: ='[1]ÜDM sahələr üzrə'!AO63 -> 11744.728
B50: əlavə dəyərin xüsusi çəkisi | C50: % | D50: 33.861561 | E50: 34.414136 | F50: 34.312646 | G50: 33.885353 | H50: 34.017869 | I50: ='[1]ÜDM sahələr üzrə'!AC64 -> 35.288115 | J50: ='[1]ÜDM sahələr üzrə'!AD64 -> 34.703591 | K50: ='[1]ÜDM sahələr üzrə'!AE64 -> 37.462461 | L50: ='[1]ÜDM sahələr üzrə'!AF64 -> 37.687634 | M50: ='[1]ÜDM sahələr üzrə'!AG64 -> 39.09687 | N50: ='[1]ÜDM sahələr üzrə'!AH64 -> 34.286784 | O50: ='[1]ÜDM sahələr üzrə'!AI64 -> 34.622801 | P50: ='[1]ÜDM sahələr üzrə'!AJ64 -> 36.008003 | ... U50: ='[1]ÜDM sahələr üzrə'!AO64 -> 35.596075
B51: real artım tempi | C51: % | D51: 4.7823696 | E51: 3.8273429 | F51: 2.7714043 | G51: -1.2445837 | H51: -1.0892496 | I51: ='[1]ÜDM sahələr üzrə'!AC65 -> 6.4126255 | J51: ='[1]ÜDM sahələr üzrə'!AD65 -> 10.394401 | K51: ='[1]ÜDM sahələr üzrə'!AE65 -> 9.6301462 | L51: ='[1]ÜDM sahələr üzrə'!AF65 -> 19.537359 | M51: ='[1]ÜDM sahələr üzrə'!AG65 -> 2.8846155 | N51: ='[1]ÜDM sahələr üzrə'!AH65 -> 8.9515205 | O51: ='[1]ÜDM sahələr üzrə'!AI65 -> 2.2481459 | P51: ='[1]ÜDM sahələr üzrə'!AJ65 -> 8.29586 | ... U51: ='[1]ÜDM sahələr üzrə'!AO65 -> 2.6268305
B52: deflyator | C52: % | D52: 0.95701041 | E52: 9.0701098 | F52: -4.9256878 | G52: 12.361336 | H52: 10.964157 | I52: ='[1]ÜDM sahələr üzrə'!AC66 -> 5.1921039 | J52: ='[1]ÜDM sahələr üzrə'!AD66 -> 0.32062984 | K52: ='[1]ÜDM sahələr üzrə'!AE66 -> -1.4251577 | L52: ='[1]ÜDM sahələr üzrə'!AF66 -> 13.019279 | M52: ='[1]ÜDM sahələr üzrə'!AG66 -> 14.993839 | N52: ='[1]ÜDM sahələr üzrə'!AH66 -> -18.135196 | O52: ='[1]ÜDM sahələr üzrə'!AI66 -> 2.3960553 | P52: ='[1]ÜDM sahələr üzrə'!AJ66 -> 9.0753554 | ... U52: ='[1]ÜDM sahələr üzrə'!AO66 -> 3.7428679
A53: 3.1. | B53: Qida məhsullarının istehsalı
A54: a | B54: ümumi buraxılış | C54: mln AZN | D54: 2516.1618 | E54: 2596.6536 | F54: 2555.8 | G54: 2963.0794 | H54: 2998.7 | I54: ='[1]ÜDM sahələr üzrə'!AC78 -> 3064 | J54: ='[1]ÜDM sahələr üzrə'!AD78 -> 3593.4 | K54: ='[1]ÜDM sahələr üzrə'!AE78 -> 3883.8 | L54: ='[1]ÜDM sahələr üzrə'!AF78 -> 4496.25 | M54: ='[1]ÜDM sahələr üzrə'!AG78 -> 4894.65 | N54: ='[1]ÜDM sahələr üzrə'!AH78 -> 4547.6 | O54: ='[1]ÜDM sahələr üzrə'!AI78 -> 4637.4 | P54: ='[1]ÜDM sahələr üzrə'!AJ78 -> 5455.1964 | ... U54: ='[1]ÜDM sahələr üzrə'!AO78 -> 10422.468
A55: b | B55: aralıq istehlak | C55: mln AZN | D55: 1939.6618 | E55: 2000.2536 | F55: 1971.5 | G55: 2281.5712 | H55: 2309 | I55: ='[1]ÜDM sahələr üzrə'!AC79 -> 2395.355 | J55: ='[1]ÜDM sahələr üzrə'!AD79 -> 2795.96 | K55: ='[1]ÜDM sahələr üzrə'!AE79 -> 2780.675 | L55: ='[1]ÜDM sahələr üzrə'!AF79 -> 3445.25 | M55: ='[1]ÜDM sahələr üzrə'!AG79 -> 3746.51 | N55: ='[1]ÜDM sahələr üzrə'!AH79 -> 3365.16 | O55: ='[1]ÜDM sahələr üzrə'!AI79 -> 3431.7 | P55: ='[1]ÜDM sahələr üzrə'!AJ79 -> 4036.8736 | ... U55: ='[1]ÜDM sahələr üzrə'!AO79 -> 7712.6803
A56: c | B56: əlavə dəyər | C56: mln AZN | D56: 576.5 | E56: 596.4 | F56: 584.3 | G56: 681.50827 | H56: 689.7 | I56: ='[1]ÜDM sahələr üzrə'!AC80 -> 668.645 | J56: ='[1]ÜDM sahələr üzrə'!AD80 -> 797.44 | K56: ='[1]ÜDM sahələr üzrə'!AE80 -> 1103.125 | L56: ='[1]ÜDM sahələr üzrə'!AF80 -> 1051 | M56: ='[1]ÜDM sahələr üzrə'!AG80 -> 1148.14 | N56: ='[1]ÜDM sahələr üzrə'!AH80 -> 1182.44 | O56: ='[1]ÜDM sahələr üzrə'!AI80 -> 1205.7 | P56: ='[1]ÜDM sahələr üzrə'!AJ80 -> 1418.3228 | ... U56: ='[1]ÜDM sahələr üzrə'!AO80 -> 2709.7878
B57: əlavə dəyərin xüsusi çəkisi | C57: % | D57: 22.911881 | E57: 22.968023 | F57: 22.861726 | G57: 23 | H57: 22.999967 | I57: ='[1]ÜDM sahələr üzrə'!AC81 -> 21.822617 | J57: ='[1]ÜDM sahələr üzrə'!AD81 -> 22.191796 | K57: ='[1]ÜDM sahələr üzrə'!AE81 -> 28.403239 | L57: ='[1]ÜDM sahələr üzrə'!AF81 -> 23.375035 | M57: ='[1]ÜDM sahələr üzrə'!AG81 -> 23.45704 | N57: ='[1]ÜDM sahələr üzrə'!AH81 -> 26.001407 | O57: ='[1]ÜDM sahələr üzrə'!AI81 -> 25.999482 | P57: ='[1]ÜDM sahələr üzrə'!AJ81 -> 25.999482 | ... U57: ='[1]ÜDM sahələr üzrə'!AO81 -> 25.999482
B58: real artım tempi | C58: % | D58: 1.7 | E58: 2 | F58: 2.5 | G58: 4.8 | H58: 1 | I58: ='[1]ÜDM sahələr üzrə'!AC82 -> 1.3 | J58: ='[1]ÜDM sahələr üzrə'!AD82 -> 13 | K58: ='[1]ÜDM sahələr üzrə'!AE82 -> 6.6 | L58: ='[1]ÜDM sahələr üzrə'!AF82 -> 12.6 | M58: ='[1]ÜDM sahələr üzrə'!AG82 -> 8.2 | N58: ='[1]ÜDM sahələr üzrə'!AH82 -> 9.17 | O58: ='[1]ÜDM sahələr üzrə'!AI82 -> 10.46 | P58: ='[1]ÜDM sahələr üzrə'!AJ82 -> 11.046251 | ... U58: ='[1]ÜDM sahələr üzrə'!AO82 -> 8.6138931
B59: deflyator | C59: % | D59: -5.5227794 | E59: 1.4233968 | F59: -4.4183802 | G59: 11.294566 | H59: 0.2 | I59: ='[1]ÜDM sahələr üzrə'!AC83 -> -4.2969167 | J59: ='[1]ÜDM sahələr üzrə'!AD83 -> 5.5416723 | K59: ='[1]ÜDM sahələr üzrə'!AE83 -> 29.768566 | L59: ='[1]ÜDM sahələr üzrə'!AF83 -> -15.386512 | M59: ='[1]ÜDM sahələr üzrə'!AG83 -> 0.96361005 | N59: ='[1]ÜDM sahələr üzrə'!AH83 -> -5.6632403 | O59: ='[1]ÜDM sahələr üzrə'!AI83 -> -7.6886485 | P59: ='[1]ÜDM sahələr üzrə'!AJ83 -> 5.9331624 | ... U59: ='[1]ÜDM sahələr üzrə'!AO83 -> 3.9366261
A60: 3.2. | B60: İçki istehsalı
A61: a | B61: ümumi buraxılış | C61: mln AZN | D61: 207.7 | E61: 232.1 | F61: 196.8 | G61: 223.24037 | H61: 262.95 | I61: ='[1]ÜDM sahələr üzrə'!AC85 -> 295.6 | J61: ='[1]ÜDM sahələr üzrə'!AD85 -> 433.7 | K61: ='[1]ÜDM sahələr üzrə'!AE85 -> 429.3 | L61: ='[1]ÜDM sahələr üzrə'!AF85 -> 493.5 | M61: ='[1]ÜDM sahələr üzrə'!AG85 -> 560.46 | N61: ='[1]ÜDM sahələr üzrə'!AH85 -> 704.9 | O61: ='[1]ÜDM sahələr üzrə'!AI85 -> 785 | P61: ='[1]ÜDM sahələr üzrə'!AJ85 -> 872.62193 | ... U61: ='[1]ÜDM sahələr üzrə'!AO85 -> 1203.1788
A62: b | B62: aralıq istehlak | C62: mln AZN | D62: 113.9 | E62: 127.7 | F62: 108.05 | G62: 122.7822 | H62: 144.9 | I62: ='[1]ÜDM sahələr üzrə'!AC86 -> 161.956 | J62: ='[1]ÜDM sahələr üzrə'!AD86 -> 237.87 | K62: ='[1]ÜDM sahələr üzrə'!AE86 -> 236.38 | L62: ='[1]ÜDM sahələr üzrə'!AF86 -> 284.3 | M62: ='[1]ÜDM sahələr üzrə'!AG86 -> 330.92 | N62: ='[1]ÜDM sahələr üzrə'!AH86 -> 427.16 | O62: ='[1]ÜDM sahələr üzrə'!AI86 -> 475.66 | P62: ='[1]ÜDM sahələr üzrə'!AJ86 -> 528.75331 | ... U62: ='[1]ÜDM sahələr üzrə'!AO86 -> 729.04974
A63: c | B63: əlavə dəyər | C63: mln AZN | D63: 93.8 | E63: 104.4 | F63: 88.75 | G63: 100.45817 | H63: 118.05 | I63: ='[1]ÜDM sahələr üzrə'!AC87 -> 133.644 | J63: ='[1]ÜDM sahələr üzrə'!AD87 -> 195.83 | K63: ='[1]ÜDM sahələr üzrə'!AE87 -> 192.92 | L63: ='[1]ÜDM sahələr üzrə'!AF87 -> 209.2 | M63: ='[1]ÜDM sahələr üzrə'!AG87 -> 229.54 | N63: ='[1]ÜDM sahələr üzrə'!AH87 -> 277.74 | O63: ='[1]ÜDM sahələr üzrə'!AI87 -> 309.34 | P63: ='[1]ÜDM sahələr üzrə'!AJ87 -> 343.86862 | ... U63: ='[1]ÜDM sahələr üzrə'!AO87 -> 474.1291
B64: əlavə dəyərin xüsusi çəkisi | C64: % | D64: 45.16129 | E64: 44.980612 | F64: 45.096545 | G64: 45 | H64: 44.894467 | I64: ='[1]ÜDM sahələr üzrə'!AC88 -> 45.211096 | J64: ='[1]ÜDM sahələr üzrə'!AD88 -> 45.153332 | K64: ='[1]ÜDM sahələr üzrə'!AE88 -> 44.938272 | L64: ='[1]ÜDM sahələr üzrə'!AF88 -> 42.391084 | M64: ='[1]ÜDM sahələr üzrə'!AG88 -> 40.955644 | N64: ='[1]ÜDM sahələr üzrə'!AH88 -> 39.401334 | O64: ='[1]ÜDM sahələr üzrə'!AI88 -> 39.406369 | P64: ='[1]ÜDM sahələr üzrə'!AJ88 -> 39.406369 | ... U64: ='[1]ÜDM sahələr üzrə'!AO88 -> 39.406369
B65: real artım tempi | C65: % | D65: 13.2 | E65: 4.6 | F65: -19.2 | G65: -5.6 | H65: 21.9 | I65: ='[1]ÜDM sahələr üzrə'!AC89 -> 12.15 | J65: ='[1]ÜDM sahələr üzrə'!AD89 -> 41.35 | K65: ='[1]ÜDM sahələr üzrə'!AE89 -> -5 | L65: ='[1]ÜDM sahələr üzrə'!AF89 -> 2.7 | M65: ='[1]ÜDM sahələr üzrə'!AG89 -> -2.2 | N65: ='[1]ÜDM sahələr üzrə'!AH89 -> 13.9 | O65: ='[1]ÜDM sahələr üzrə'!AI89 -> 15.7 | P65: ='[1]ÜDM sahələr üzrə'!AJ89 -> 4.7433743 | ... U65: ='[1]ÜDM sahələr üzrə'!AO89 -> -4.6190821
B66: deflyator | C66: % | D66: 19.054872 | E66: 6.4059653 | F66: 5.2098744 | G66: 19.907099 | H66: -3.6 | I66: ='[1]ÜDM sahələr üzrə'!AC90 -> 0.86795622 | J66: ='[1]ÜDM sahələr üzrə'!AD90 -> 3.6654281 | K66: ='[1]ÜDM sahələr üzrə'!AE90 -> 3.6989655 | L66: ='[1]ÜDM sahələr üzrə'!AF90 -> 5.5878589 | M66: ='[1]ÜDM sahələr üzrə'!AG90 -> 12.190954 | N66: ='[1]ÜDM sahələr üzrə'!AH90 -> 6.2322377 | O66: ='[1]ÜDM sahələr üzrə'!AI90 -> -3.7359141 | P66: ='[1]ÜDM sahələr üzrə'!AJ90 -> 6.1279816 | ... U66: ='[1]ÜDM sahələr üzrə'!AO90 -> 6.7873792
A67: 3.3. | B67: Tütün məmulatlarının istehsalı
A68: a | B68: ümumi buraxılış | C68: mln AZN | D68: 13.1 | E68: 24.6 | F68: 27.4 | G68: 41.257315 | H68: 39 | I68: ='[1]ÜDM sahələr üzrə'!AC92 -> 56.2 | J68: ='[1]ÜDM sahələr üzrə'!AD92 -> 249.1 | K68: ='[1]ÜDM sahələr üzrə'!AE92 -> 436.5 | L68: ='[1]ÜDM sahələr üzrə'!AF92 -> 678.3 | M68: ='[1]ÜDM sahələr üzrə'!AG92 -> 768.7 | N68: ='[1]ÜDM sahələr üzrə'!AH92 -> 949 | O68: ='[1]ÜDM sahələr üzrə'!AI92 -> 842.3 | P68: ='[1]ÜDM sahələr üzrə'!AJ92 -> 896.33223 | ... U68: ='[1]ÜDM sahələr üzrə'!AO92 -> 1343.4161
A69: b | B69: aralıq istehlak | C69: mln AZN | D69: 9.3982 | E69: 17.55 | F69: 19.43 | G69: 29.210179 | H69: 27.6 | I69: ='[1]ÜDM sahələr üzrə'!AC93 -> 39.5 | J69: ='[1]ÜDM sahələr üzrə'!AD93 -> 176.29 | K69: ='[1]ÜDM sahələr üzrə'!AE93 -> 282.3 | L69: ='[1]ÜDM sahələr üzrə'!AF93 -> 407.2 | M69: ='[1]ÜDM sahələr üzrə'!AG93 -> 438.46 | N69: ='[1]ÜDM sahələr üzrə'!AH93 -> 547.6 | O69: ='[1]ÜDM sahələr üzrə'!AI93 -> 486 | P69: ='[1]ÜDM sahələr üzrə'!AJ93 -> 517.17614 | ... U69: ='[1]ÜDM sahələr üzrə'!AO93 -> 775.13975
A70: c | B70: əlavə dəyər | C70: mln AZN | D70: 3.7018 | E70: 7.05 | F70: 7.97 | G70: 12.047136 | H70: 11.4 | I70: ='[1]ÜDM sahələr üzrə'!AC94 -> 16.7 | J70: ='[1]ÜDM sahələr üzrə'!AD94 -> 72.81 | K70: ='[1]ÜDM sahələr üzrə'!AE94 -> 154.2 | L70: ='[1]ÜDM sahələr üzrə'!AF94 -> 271.1 | M70: ='[1]ÜDM sahələr üzrə'!AG94 -> 330.24 | N70: ='[1]ÜDM sahələr üzrə'!AH94 -> 401.4 | O70: ='[1]ÜDM sahələr üzrə'!AI94 -> 356.3 | P70: ='[1]ÜDM sahələr üzrə'!AJ94 -> 379.15609 | ... U70: ='[1]ÜDM sahələr üzrə'!AO94 -> 568.27633
B71: əlavə dəyərin xüsusi çəkisi | C71: % | D71: 28.258015 | E71: 28.658537 | F71: 29.087591 | G71: 29.2 | H71: 29.230769 | I71: ='[1]ÜDM sahələr üzrə'!AC95 -> 29.715302 | J71: ='[1]ÜDM sahələr üzrə'!AD95 -> 29.229225 | K71: ='[1]ÜDM sahələr üzrə'!AE95 -> 35.32646 | L71: ='[1]ÜDM sahələr üzrə'!AF95 -> 39.967566 | M71: ='[1]ÜDM sahələr üzrə'!AG95 -> 42.960843 | N71: ='[1]ÜDM sahələr üzrə'!AH95 -> 42.297155 | O71: ='[1]ÜDM sahələr üzrə'!AI95 -> 42.300843 | P71: ='[1]ÜDM sahələr üzrə'!AJ95 -> 42.300843 | ... U71: ='[1]ÜDM sahələr üzrə'!AO95 -> 42.300843
B72: real artım tempi | C72: % | D72: -34.4 | E72: 78.745 | F72: 1.04 | G72: -8.15 | H72: 7.9 | I72: ='[1]ÜDM sahələr üzrə'!AC96 -> 19.6 | J72: ='[1]ÜDM sahələr üzrə'!AD96 -> 237.3 | K72: ='[1]ÜDM sahələr üzrə'!AE96 -> 82.7 | L72: ='[1]ÜDM sahələr üzrə'!AF96 -> 50.6 | M72: ='[1]ÜDM sahələr üzrə'!AG96 -> -1.48 | N72: ='[1]ÜDM sahələr üzrə'!AH96 -> 15.9 | O72: ='[1]ÜDM sahələr üzrə'!AI96 -> 4.1 | P72: ='[1]ÜDM sahələr üzrə'!AJ96 -> 5.6708311 | ... U72: ='[1]ÜDM sahələr üzrə'!AO96 -> -3.1501632
B73: deflyator | C73: % | D73: 28.249723 | E73: 6.5472546 | F73: 11.886031 | G73: 64.568356 | H73: -12.3 | I73: ='[1]ÜDM sahələr üzrə'!AC97 -> 22.591841 | J73: ='[1]ÜDM sahələr üzrə'!AD97 -> 29.258234 | K73: ='[1]ÜDM sahələr üzrə'!AE97 -> 15.919045 | L73: ='[1]ÜDM sahələr üzrə'!AF97 -> 16.74013 | M73: ='[1]ÜDM sahələr üzrə'!AG97 -> 23.644771 | N73: ='[1]ÜDM sahələr üzrə'!AH97 -> 4.8731364 | O73: ='[1]ÜDM sahələr üzrə'!AI97 -> -14.731676 | P73: ='[1]ÜDM sahələr üzrə'!AJ97 -> 0.7040856 | ... U73: ='[1]ÜDM sahələr üzrə'!AO97 -> 6.1096509
A74: 3.4. | B74: Toxuculuq sənayesi
A75: a | B75: ümumi buraxılış | C75: mln AZN | D75: 51.2 | E75: 48.7 | F75: 29.6 | G75: 92.54 | H75: 181.8 | I75: ='[1]ÜDM sahələr üzrə'!AC99 -> 249.6 | J75: ='[1]ÜDM sahələr üzrə'!AD99 -> 305.2 | K75: ='[1]ÜDM sahələr üzrə'!AE99 -> 240.8 | L75: ='[1]ÜDM sahələr üzrə'!AF99 -> 369.3 | M75: ='[1]ÜDM sahələr üzrə'!AG99 -> 387.97 | N75: ='[1]ÜDM sahələr üzrə'!AH99 -> 370.2 | O75: ='[1]ÜDM sahələr üzrə'!AI99 -> 355.4 | P75: ='[1]ÜDM sahələr üzrə'!AJ99 -> 333.916 | ... U75: ='[1]ÜDM sahələr üzrə'!AO99 -> 467.20984
A76: b | B76: aralıq istehlak | C76: mln AZN | D76: 27.7 | E76: 26.5 | F76: 16.1 | G76: 50.56 | H76: 99.1 | I76: ='[1]ÜDM sahələr üzrə'!AC100 -> 135.551 | J76: ='[1]ÜDM sahələr üzrə'!AD100 -> 166.7 | K76: ='[1]ÜDM sahələr üzrə'!AE100 -> 125.48 | L76: ='[1]ÜDM sahələr üzrə'!AF100 -> 208.9 | M76: ='[1]ÜDM sahələr üzrə'!AG100 -> 210.67 | N76: ='[1]ÜDM sahələr üzrə'!AH100 -> 195.5 | O76: ='[1]ÜDM sahələr üzrə'!AI100 -> 187.7 | P76: ='[1]ÜDM sahələr üzrə'!AJ100 -> 176.3535 | ... U76: ='[1]ÜDM sahələr üzrə'!AO100 -> 246.75095
A77: c | B77: əlavə dəyər | C77: mln AZN | D77: 23.5 | E77: 22.2 | F77: 13.5 | G77: 41.98 | H77: 82.7 | I77: ='[1]ÜDM sahələr üzrə'!AC101 -> 114.049 | J77: ='[1]ÜDM sahələr üzrə'!AD101 -> 138.5 | K77: ='[1]ÜDM sahələr üzrə'!AE101 -> 115.32 | L77: ='[1]ÜDM sahələr üzrə'!AF101 -> 160.4 | M77: ='[1]ÜDM sahələr üzrə'!AG101 -> 177.3 | N77: ='[1]ÜDM sahələr üzrə'!AH101 -> 174.7 | O77: ='[1]ÜDM sahələr üzrə'!AI101 -> 167.7 | P77: ='[1]ÜDM sahələr üzrə'!AJ101 -> 157.5625 | ... U77: ='[1]ÜDM sahələr üzrə'!AO101 -> 220.45889
B78: əlavə dəyərin xüsusi çəkisi | C78: % | D78: 45.898438 | E78: 45.585216 | F78: 45.608108 | G78: 45.364167 | H78: 45.489549 | I78: ='[1]ÜDM sahələr üzrə'!AC102 -> 45.692708 | J78: ='[1]ÜDM sahələr üzrə'!AD102 -> 45.380079 | K78: ='[1]ÜDM sahələr üzrə'!AE102 -> 47.890365 | L78: ='[1]ÜDM sahələr üzrə'!AF102 -> 43.433523 | M78: ='[1]ÜDM sahələr üzrə'!AG102 -> 45.69941 | N78: ='[1]ÜDM sahələr üzrə'!AH102 -> 47.190708 | O78: ='[1]ÜDM sahələr üzrə'!AI102 -> 47.186269 | P78: ='[1]ÜDM sahələr üzrə'!AJ102 -> 47.186269 | ... U78: ='[1]ÜDM sahələr üzrə'!AO102 -> 47.186269
B79: real artım tempi | C79: % | D79: -16.9 | E79: -2.6 | F79: -36.9 | G79: 176.3 | H79: 39.85 | I79: ='[1]ÜDM sahələr üzrə'!AC103 -> 30.5 | J79: ='[1]ÜDM sahələr üzrə'!AD103 -> 33.2 | K79: ='[1]ÜDM sahələr üzrə'!AE103 -> -15.3 | L79: ='[1]ÜDM sahələr üzrə'!AF103 -> 27.2 | M79: ='[1]ÜDM sahələr üzrə'!AG103 -> -14.62 | N79: ='[1]ÜDM sahələr üzrə'!AH103 -> 10.43 | O79: ='[1]ÜDM sahələr üzrə'!AI103 -> -8.71 | P79: ='[1]ÜDM sahələr üzrə'!AJ103 -> 4.735829 | ... U79: ='[1]ÜDM sahələr üzrə'!AO103 -> 8.2273813
B80: deflyator | C80: % | D80: -3.8123071 | E80: -3.3 | F80: -3.7278751 | G80: 12.545408 | H80: 40.864191 | I80: ='[1]ÜDM sahələr üzrə'!AC104 -> 5.6246915 | J80: ='[1]ÜDM sahələr üzrə'!AD104 -> -8.8295566 | K80: ='[1]ÜDM sahələr üzrə'!AE104 -> -1.6959411 | L80: ='[1]ÜDM sahələr üzrə'!AF104 -> 9.3484469 | M80: ='[1]ÜDM sahələr üzrə'!AG104 -> 29.463762 | N80: ='[1]ÜDM sahələr üzrə'!AH104 -> -10.772834 | O80: ='[1]ÜDM sahələr üzrə'!AI104 -> 5.1518579 | P80: ='[1]ÜDM sahələr üzrə'!AJ104 -> -10.293371 | ... U80: ='[1]ÜDM sahələr üzrə'!AO104 -> 0
A81: 3.5. | B81: Geyim istehsalı
A82: a | B82: ümumi buraxılış | C82: mln AZN | D82: 40 | E82: 54.5 | F82: 52.6 | G82: 88.381758 | H82: 104 | I82: ='[1]ÜDM sahələr üzrə'!AC106 -> 103.7 | J82: ='[1]ÜDM sahələr üzrə'!AD106 -> 111.7 | K82: ='[1]ÜDM sahələr üzrə'!AE106 -> 112.7 | L82: ='[1]ÜDM sahələr üzrə'!AF106 -> 130.1 | M82: ='[1]ÜDM sahələr üzrə'!AG106 -> 162.3 | N82: ='[1]ÜDM sahələr üzrə'!AH106 -> 125 | O82: ='[1]ÜDM sahələr üzrə'!AI106 -> 152.4 | P82: ='[1]ÜDM sahələr üzrə'!AJ106 -> 154.78692 | ... U82: ='[1]ÜDM sahələr üzrə'!AO106 -> 261.9318
A83: b | B83: aralıq istehlak | C83: mln AZN | D83: 32.5 | E83: 44.1 | F83: 42.64 | G83: 71.677606 | H83: 84.69 | I83: ='[1]ÜDM sahələr üzrə'!AC107 -> 84.3 | J83: ='[1]ÜDM sahələr üzrə'!AD107 -> 90.72 | K83: ='[1]ÜDM sahələr üzrə'!AE107 -> 88.62 | L83: ='[1]ÜDM sahələr üzrə'!AF107 -> 101.69 | M83: ='[1]ÜDM sahələr üzrə'!AG107 -> 124.81 | N83: ='[1]ÜDM sahələr üzrə'!AH107 -> 93.4 | O83: ='[1]ÜDM sahələr üzrə'!AI107 -> 113.84 | P83: ='[1]ÜDM sahələr üzrə'!AJ107 -> 115.62298 | ... U83: ='[1]ÜDM sahələr üzrə'!AO107 -> 195.65824
A84: c | B84: əlavə dəyər | C84: mln AZN | D84: 7.5 | E84: 10.4 | F84: 9.96 | G84: 16.704152 | H84: 19.31 | I84: ='[1]ÜDM sahələr üzrə'!AC108 -> 19.4 | J84: ='[1]ÜDM sahələr üzrə'!AD108 -> 20.98 | K84: ='[1]ÜDM sahələr üzrə'!AE108 -> 24.08 | L84: ='[1]ÜDM sahələr üzrə'!AF108 -> 28.41 | M84: ='[1]ÜDM sahələr üzrə'!AG108 -> 37.49 | N84: ='[1]ÜDM sahələr üzrə'!AH108 -> 31.6 | O84: ='[1]ÜDM sahələr üzrə'!AI108 -> 38.56 | P84: ='[1]ÜDM sahələr üzrə'!AJ108 -> 39.163933 | ... U84: ='[1]ÜDM sahələr üzrə'!AO108 -> 66.273557
B85: əlavə dəyərin xüsusi çəkisi | C85: % | D85: 18.75 | E85: 19.082569 | F85: 18.935361 | G85: 18.9 | H85: 18.567308 | I85: ='[1]ÜDM sahələr üzrə'!AC109 -> 18.707811 | J85: ='[1]ÜDM sahələr üzrə'!AD109 -> 18.782453 | K85: ='[1]ÜDM sahələr üzrə'!AE109 -> 21.36646 | L85: ='[1]ÜDM sahələr üzrə'!AF109 -> 21.837048 | M85: ='[1]ÜDM sahələr üzrə'!AG109 -> 23.099199 | N85: ='[1]ÜDM sahələr üzrə'!AH109 -> 25.28 | O85: ='[1]ÜDM sahələr üzrə'!AI109 -> 25.301837 | P85: ='[1]ÜDM sahələr üzrə'!AJ109 -> 25.301837 | ... U85: ='[1]ÜDM sahələr üzrə'!AO109 -> 25.301837
B86: real artım tempi | C86: % | D86: 1.9 | E86: 32.7 | F86: -7.5 | G86: 7.1 | H86: 0 | I86: ='[1]ÜDM sahələr üzrə'!AC110 -> -1.7 | J86: ='[1]ÜDM sahələr üzrə'!AD110 -> 22.6 | K86: ='[1]ÜDM sahələr üzrə'!AE110 -> 0.24 | L86: ='[1]ÜDM sahələr üzrə'!AF110 -> 10.3 | M86: ='[1]ÜDM sahələr üzrə'!AG110 -> 12.74 | N86: ='[1]ÜDM sahələr üzrə'!AH110 -> -29.1 | O86: ='[1]ÜDM sahələr üzrə'!AI110 -> 21.73 | P86: ='[1]ÜDM sahələr üzrə'!AJ110 -> 8.4062619 | ... U86: ='[1]ÜDM sahələr üzrə'!AO110 -> 6.7659812
B87: deflyator | C87: % | D87: 29.125562 | E87: 4.8 | F87: 4.3 | G87: 56.594185 | H87: 15.6 | I87: ='[1]ÜDM sahələr üzrə'!AC111 -> 2.2035399 | J87: ='[1]ÜDM sahələr üzrə'!AD111 -> -11.790922 | K87: ='[1]ÜDM sahələr üzrə'!AE111 -> 14.501174 | L87: ='[1]ÜDM sahələr üzrə'!AF111 -> 6.9643949 | M87: ='[1]ÜDM sahələr üzrə'!AG111 -> 17.048587 | N87: ='[1]ÜDM sahələr üzrə'!AH111 -> 18.884547 | O87: ='[1]ÜDM sahələr üzrə'!AI111 -> 0.24259957 | P87: ='[1]ÜDM sahələr üzrə'!AJ111 -> -6.3096397 | ... U87: ='[1]ÜDM sahələr üzrə'!AO111 -> 3.1041416
A88: 3.6. | B88: Dəri və dəri məmulatlarının, ayaqqabıların istehsalı
A89: a | B89: ümumi buraxılış | C89: mln AZN | D89: 21.3 | E89: 19.1 | F89: 12.2 | G89: 13.7 | H89: 17.95 | I89: ='[1]ÜDM sahələr üzrə'!AC113 -> 26.1 | J89: ='[1]ÜDM sahələr üzrə'!AD113 -> 21.8 | K89: ='[1]ÜDM sahələr üzrə'!AE113 -> 25.8 | L89: ='[1]ÜDM sahələr üzrə'!AF113 -> 22.4 | M89: ='[1]ÜDM sahələr üzrə'!AG113 -> 25.3 | N89: ='[1]ÜDM sahələr üzrə'!AH113 -> 24.8 | O89: ='[1]ÜDM sahələr üzrə'!AI113 -> 43.6 | P89: ='[1]ÜDM sahələr üzrə'!AJ113 -> 47.526556 | ... U89: ='[1]ÜDM sahələr üzrə'!AO113 -> 73.434652
A90: b | B90: aralıq istehlak | C90: mln AZN | D90: 15.9 | E90: 14.1 | F90: 8.97 | G90: 10.085 | H90: 13.2 | I90: ='[1]ÜDM sahələr üzrə'!AC114 -> 19.2 | J90: ='[1]ÜDM sahələr üzrə'!AD114 -> 16.03 | K90: ='[1]ÜDM sahələr üzrə'!AE114 -> 19.03 | L90: ='[1]ÜDM sahələr üzrə'!AF114 -> 16.23 | M90: ='[1]ÜDM sahələr üzrə'!AG114 -> 18.56 | N90: ='[1]ÜDM sahələr üzrə'!AH114 -> 18.625 | O90: ='[1]ÜDM sahələr üzrə'!AI114 -> 32.65 | P90: ='[1]ÜDM sahələr üzrə'!AJ114 -> 35.590414 | ... U90: ='[1]ÜDM sahələr üzrə'!AO114 -> 54.991775
A91: c | B91: əlavə dəyər | C91: mln AZN | D91: 5.4 | E91: 5 | F91: 3.23 | G91: 3.615 | H91: 4.75 | I91: ='[1]ÜDM sahələr üzrə'!AC115 -> 6.9 | J91: ='[1]ÜDM sahələr üzrə'!AD115 -> 5.77 | K91: ='[1]ÜDM sahələr üzrə'!AE115 -> 6.77 | L91: ='[1]ÜDM sahələr üzrə'!AF115 -> 6.17 | M91: ='[1]ÜDM sahələr üzrə'!AG115 -> 6.74 | N91: ='[1]ÜDM sahələr üzrə'!AH115 -> 6.175 | O91: ='[1]ÜDM sahələr üzrə'!AI115 -> 10.95 | P91: ='[1]ÜDM sahələr üzrə'!AJ115 -> 11.936142 | ... U91: ='[1]ÜDM sahələr üzrə'!AO115 -> 18.442877
B92: əlavə dəyərin xüsusi çəkisi | C92: % | D92: 25.352113 | E92: 26.17801 | F92: 26.47541 | G92: 26.386861 | H92: 26.462396 | I92: ='[1]ÜDM sahələr üzrə'!AC116 -> 26.436782 | J92: ='[1]ÜDM sahələr üzrə'!AD116 -> 26.46789 | K92: ='[1]ÜDM sahələr üzrə'!AE116 -> 26.24031 | L92: ='[1]ÜDM sahələr üzrə'!AF116 -> 27.544643 | M92: ='[1]ÜDM sahələr üzrə'!AG116 -> 26.640316 | N92: ='[1]ÜDM sahələr üzrə'!AH116 -> 24.899194 | O92: ='[1]ÜDM sahələr üzrə'!AI116 -> 25.114679 | P92: ='[1]ÜDM sahələr üzrə'!AJ116 -> 25.114679 | ... U92: ='[1]ÜDM sahələr üzrə'!AO116 -> 25.114679
B93: real artım tempi | C93: % | D93: -28 | E93: -2.3 | F93: -36.8 | G93: 8.75 | H93: 22.9 | I93: ='[1]ÜDM sahələr üzrə'!AC117 -> 42.2 | J93: ='[1]ÜDM sahələr üzrə'!AD117 -> -14.9 | K93: ='[1]ÜDM sahələr üzrə'!AE117 -> 20.8 | L93: ='[1]ÜDM sahələr üzrə'!AF117 -> -12.6 | M93: ='[1]ÜDM sahələr üzrə'!AG117 -> 3.35 | N93: ='[1]ÜDM sahələr üzrə'!AH117 -> -4.96 | O93: ='[1]ÜDM sahələr üzrə'!AI117 -> 9.04 | P93: ='[1]ÜDM sahələr üzrə'!AJ117 -> 5.0877256 | ... U93: ='[1]ÜDM sahələr üzrə'!AO117 -> 2.5380695
B94: deflyator | C94: % | D94: -9.6385542 | E94: -6.5 | F94: 1.1 | G94: 2.914487 | H94: 6.9137161 | I94: ='[1]ÜDM sahələr üzrə'!AC118 -> 2.0681673 | J94: ='[1]ÜDM sahələr üzrə'!AD118 -> -1.7353838 | K94: ='[1]ÜDM sahələr üzrə'!AE118 -> -2.8716701 | L94: ='[1]ÜDM sahələr üzrə'!AF118 -> 4.2761679 | M94: ='[1]ÜDM sahələr üzrə'!AG118 -> 5.6973871 | N94: ='[1]ÜDM sahələr üzrə'!AH118 -> -3.6014197 | O94: ='[1]ÜDM sahələr üzrə'!AI118 -> 62.6265 | P94: ='[1]ÜDM sahələr üzrə'!AJ118 -> 3.7284433 | ... U94: ='[1]ÜDM sahələr üzrə'!AO118 -> 7.2035648
A95: 3.7. | B95: Ağac emalı və ağacdan məmulatların istehsalı
A96: a | B96: ümumi buraxılış | C96: mln AZN | D96: 15.1 | E96: 19.2 | F96: 16.4 | G96: 54.724668 | H96: 58.3 | I96: ='[1]ÜDM sahələr üzrə'!AC120 -> 57.6 | J96: ='[1]ÜDM sahələr üzrə'!AD120 -> 63 | K96: ='[1]ÜDM sahələr üzrə'!AE120 -> 67.1 | L96: ='[1]ÜDM sahələr üzrə'!AF120 -> 65.2 | M96: ='[1]ÜDM sahələr üzrə'!AG120 -> 69.2 | N96: ='[1]ÜDM sahələr üzrə'!AH120 -> 36.9 | O96: ='[1]ÜDM sahələr üzrə'!AI120 -> 26.1 | P96: ='[1]ÜDM sahələr üzrə'!AJ120 -> 27.946246 | ... U96: ='[1]ÜDM sahələr üzrə'!AO120 -> 43.394452
A97: b | B97: aralıq istehlak | C97: mln AZN | D97: 10.6 | E97: 13.5 | F97: 11.4501 | G97: 38.252543 | H97: 40.9 | I97: ='[1]ÜDM sahələr üzrə'!AC121 -> 40.33 | J97: ='[1]ÜDM sahələr üzrə'!AD121 -> 44.1 | K97: ='[1]ÜDM sahələr üzrə'!AE121 -> 43.2 | L97: ='[1]ÜDM sahələr üzrə'!AF121 -> 43.01 | M97: ='[1]ÜDM sahələr üzrə'!AG121 -> 43.62 | N97: ='[1]ÜDM sahələr üzrə'!AH121 -> 22.59 | O97: ='[1]ÜDM sahələr üzrə'!AI121 -> 15.98 | P97: ='[1]ÜDM sahələr üzrə'!AJ121 -> 17.110384 | ... U97: ='[1]ÜDM sahələr üzrə'!AO121 -> 26.568711
A98: c | B98: əlavə dəyər | C98: mln AZN | D98: 4.5 | E98: 5.7 | F98: 4.9499 | G98: 16.472125 | H98: 17.4 | I98: ='[1]ÜDM sahələr üzrə'!AC122 -> 17.27 | J98: ='[1]ÜDM sahələr üzrə'!AD122 -> 18.9 | K98: ='[1]ÜDM sahələr üzrə'!AE122 -> 23.9 | L98: ='[1]ÜDM sahələr üzrə'!AF122 -> 22.19 | M98: ='[1]ÜDM sahələr üzrə'!AG122 -> 25.58 | N98: ='[1]ÜDM sahələr üzrə'!AH122 -> 14.31 | O98: ='[1]ÜDM sahələr üzrə'!AI122 -> 10.12 | P98: ='[1]ÜDM sahələr üzrə'!AJ122 -> 10.835863 | ... U98: ='[1]ÜDM sahələr üzrə'!AO122 -> 16.825742
B99: əlavə dəyərin xüsusi çəkisi | C99: % | D99: 29.801325 | E99: 29.6875 | F99: 30.182317 | G99: 30.1 | H99: 29.845626 | I99: ='[1]ÜDM sahələr üzrə'!AC123 -> 29.982639 | J99: ='[1]ÜDM sahələr üzrə'!AD123 -> 30 | K99: ='[1]ÜDM sahələr üzrə'!AE123 -> 35.61848 | L99: ='[1]ÜDM sahələr üzrə'!AF123 -> 34.033742 | M99: ='[1]ÜDM sahələr üzrə'!AG123 -> 36.965318 | N99: ='[1]ÜDM sahələr üzrə'!AH123 -> 38.780488 | O99: ='[1]ÜDM sahələr üzrə'!AI123 -> 38.773946 | P99: ='[1]ÜDM sahələr üzrə'!AJ123 -> 38.773946 | ... U99: ='[1]ÜDM sahələr üzrə'!AO123 -> 38.773946
B100: real artım tempi | C100: % | D100: 29 | E100: 11.5 | F100: -13 | G100: -28.56 | H100: -3 | I100: ='[1]ÜDM sahələr üzrə'!AC124 -> 9.5 | J100: ='[1]ÜDM sahələr üzrə'!AD124 -> 20.349 | K100: ='[1]ÜDM sahələr üzrə'!AE124 -> 5.7 | L100: ='[1]ÜDM sahələr üzrə'!AF124 -> -15.4 | M100: ='[1]ÜDM sahələr üzrə'!AG124 -> -14.86 | N100: ='[1]ÜDM sahələr üzrə'!AH124 -> -51.1 | O100: ='[1]ÜDM sahələr üzrə'!AI124 -> -29.1 | P100: ='[1]ÜDM sahələr üzrə'!AJ124 -> 4.7247036 | ... U100: ='[1]ÜDM sahələr üzrə'!AO124 -> 3.1013054
...

Sheet 2.4.1.3.
A1: Ümumi Daxili Məhsulun sahə strukturu
A2: № | B2: Göstəricilər | C2: Ölçü vahidi | D2: Hesabat | P2: Proqnoz
D3: =E3-1 -> 2013 | E3: =F3-1 -> 2014 | F3: =G3-1 -> 2015 | G3: =H3-1 -> 2016 | H3: =I3-1 -> 2017 | I3: =J3-1 -> 2018 | J3: =K3-1 -> 2019 | K3: =L3-1 -> 2020 | L3: =M3-1 -> 2021 | M3: 2022 | N3: 2023 | O3: 2024 | P3: 2025 | Q3: 2026 | R3: 2027 | S3: 2028 | T3: 2029 | U3: 2030
A4: 1. | B4: Kənd, meşə və balıqçılıq təsərrüfatı | C4: ÜDM-də payı, % | D4: 5.3662645 | E4: 5.3194067 | F4: 6.1774663 | G4: 5.6049463 | H4: 5.6073953 | I4: =I5/'2.4.1.1.'!I$4*100 -> 5.2125056 | J4: =J5/'2.4.1.1.'!J$4*100 -> 5.6952581 | K4: =K5/'2.4.1.1.'!K$4*100 -> 6.7389474 | L4: =L5/'2.4.1.1.'!L$4*100 -> 5.7259407 | M4: =M5/'2.4.1.1.'!M$4*100 -> 4.6122092 | N4: =N5/'2.4.1.1.'!N$4*100 -> 5.5105875 | O4: =O5/'2.4.1.1.'!O$4*100 -> 5.6571705 | P4: =P5/'2.4.1.1.'!P$4*100 -> 5.8751387 | ... U4: =U5/'2.4.1.1.'!U$4*100 -> 5.43333
B5: əlavə dəyər | C5: mln AZN | D5: 3122.2 | E5: 3139.2 | F5: 3359.3 | G5: 3386.8 | H5: 3944.12 | I5: ='2.4.1.2.'!I7 -> 4174.8 | J5: ='2.4.1.2.'!J7 -> 4664.2 | K5: ='2.4.1.2.'!K7 -> 4891 | L5: ='2.4.1.2.'!L7 -> 5336.76 | M5: ='2.4.1.2.'!M7 -> 6179.1 | N5: ='2.4.1.2.'!N7 -> 6785.1 | O5: ='2.4.1.2.'!O7 -> 7147.1 | P5: ='2.4.1.2.'!P7 -> 7528.0627 | ... U5: ='2.4.1.2.'!U7 -> 9149.3445
B6: real artım tempi | C6: % | D6: 4.85 | E6: -2.6 | F6: 6.6 | G6: 2.6 | H6: 4.2 | I6: ='2.4.1.2.'!I9 -> 4.6 | J6: ='2.4.1.2.'!J9 -> 7.25 | K6: ='2.4.1.2.'!K9 -> 1.949 | L6: ='2.4.1.2.'!L9 -> 3.3 | M6: ='2.4.1.2.'!M9 -> 3.4 | N6: ='2.4.1.2.'!N9 -> 2.96 | O6: ='2.4.1.2.'!O9 -> 1.4 | P6: ='2.4.1.2.'!P9 -> 2.3377665 | ... U6: ='2.4.1.2.'!U9 -> 1.0872394
B7: deflyator | C7: % | D7: 5.8313885 | E7: 3.228427 | F7: 0.38587286 | G7: -1.736235 | H7: 11.761662 | I7: ='2.4.1.2.'!I10 -> 1.1943051 | J7: ='2.4.1.2.'!J10 -> 4.1703657 | K7: ='2.4.1.2.'!K10 -> 2.8578703 | L7: ='2.4.1.2.'!L10 -> 5.6281536 | M7: ='2.4.1.2.'!M10 -> 11.976532 | N7: ='2.4.1.2.'!N10 -> 6.6504016 | O7: ='2.4.1.2.'!O10 -> 3.8808874 | P7: ='2.4.1.2.'!P10 -> 2.9241846 | ... U7: ='2.4.1.2.'!U10 -> 1.7186532
A8: 2. | B8: Sənaye | C8: ÜDM-də payı, % | D8: 45.446445 | E8: 40.955163 | F8: 32.939625 | G8: 37.121436 | H8: 40.104205 | I8: =I9/'2.4.1.1.'!I$4*100 -> 44.530165 | J8: =J9/'2.4.1.1.'!J$4*100 -> 41.376645 | K8: =K9/'2.4.1.1.'!K$4*100 -> 34.077222 | L8: =L9/'2.4.1.1.'!L$4*100 -> 42.870481 | M8: =M9/'2.4.1.1.'!M$4*100 -> 51.303436 | N8: =N9/'2.4.1.1.'!N$4*100 -> 39.641317 | O8: =O9/'2.4.1.1.'!O$4*100 -> 35.901285 | P8: =P9/'2.4.1.1.'!P$4*100 -> 32.787059 | ... U8: =U9/'2.4.1.1.'!U$4*100 -> 25.521463
B9: əlavə dəyər | C9: mln AZN | D9: 26441.651 | E9: 24169.121 | F9: 17912.535 | G9: 22430.702 | H9: 28208.426 | I9: ='[1]ÜDM sahələr üzrə'!AC12 -> 35665.1 | J9: ='[1]ÜDM sahələr üzrə'!AD12 -> 33885.9 | K9: ='[1]ÜDM sahələr üzrə'!AE12 -> 24732.6 | L9: ='[1]ÜDM sahələr üzrə'!AF12 -> 39956.66 | M9: ='[1]ÜDM sahələr üzrə'!AG12 -> 68732.585 | N9: ='[1]ÜDM sahələr üzrə'!AH12 -> 48809.733 | O9: ='[1]ÜDM sahələr üzrə'!AI12 -> 45356.61 | P9: ='[1]ÜDM sahələr üzrə'!AJ12 -> 42011.44 | ... U9: ='[1]ÜDM sahələr üzrə'!AO12 -> 42976.343
B10: real artım tempi | C10: % | D10: 1.1353519 | E10: -1.6997543 | F10: 1.5821082 | G10: 0.38572825 | H10: -4.0699059 | I10: ='[1]ÜDM sahələr üzrə'!AC14 -> 1.2571434 | J10: ='[1]ÜDM sahələr üzrə'!AD14 -> 1.6985953 | K10: ='[1]ÜDM sahələr üzrə'!AE14 -> -4.5215475 | L10: ='[1]ÜDM sahələr üzrə'!AF14 -> 4.2815779 | M10: ='[1]ÜDM sahələr üzrə'!AG14 -> -1.376918 | N10: ='[1]ÜDM sahələr üzrə'!AH14 -> -1.6960598 | O10: ='[1]ÜDM sahələr üzrə'!AI14 -> 0.94674976 | P10: ='[1]ÜDM sahələr üzrə'!AJ14 -> 1.1095726 | ... U10: ='[1]ÜDM sahələr üzrə'!AO14 -> -0.39202719
B11: deflyator | C11: % | D11: -3.4288446 | E11: -7.0139741 | F11: -26.040983 | G11: 24.742327 | H11: 31.093488 | I11: ='[1]ÜDM sahələr üzrə'!AC15 -> 24.864155 | J11: ='[1]ÜDM sahələr üzrə'!AD15 -> -6.5755339 | K11: ='[1]ÜDM sahələr üzrə'!AE15 -> -23.555653 | L11: ='[1]ÜDM sahələr üzrə'!AF15 -> 54.921542 | M11: ='[1]ÜDM sahələr üzrə'!AG15 -> 74.419457 | N11: ='[1]ÜDM sahələr üzrə'!AH15 -> -27.660817 | O11: ='[1]ÜDM sahələr üzrə'!AI15 -> -7.9461802 | P11: ='[1]ÜDM sahələr üzrə'!AJ15 -> -8.3917253 | ... U11: ='[1]ÜDM sahələr üzrə'!AO15 -> 1.5378257
A12: 2.1. | B12: Neft və qaz sənayesi | C12: ÜDM-də payı, % | D12: 40.868482 | E12: 36.271332 | F12: 28.286554 | G12: 32.35842 | H12: 35.550487 | I12: =I13/'2.4.1.1.'!I$4*100 -> 40.243345 | J12: =J13/'2.4.1.1.'!J$4*100 -> 36.695109 | K12: =K13/'2.4.1.1.'!K$4*100 -> 28.131764 | L12: =L13/'2.4.1.1.'!L$4*100 -> 37.017399 | M12: =M13/'2.4.1.1.'!M$4*100 -> 46.644228 | N12: =N13/'2.4.1.1.'!N$4*100 -> 34.334799 | O12: =O13/'2.4.1.1.'!O$4*100 -> 30.583358 | P12: =P13/'2.4.1.1.'!P$4*100 -> 26.980585 | ... U12: =U13/'2.4.1.1.'!U$4*100 -> 18.308987
B13: əlavə dəyər | C13: mln AZN | D13: 23778.1 | E13: 21405.2 | F13: 15382.2 | G13: 19552.64 | H13: 25005.44 | I13: ='[1]ÜDM sahələr üzrə'!AC71 -> 32231.7 | J13: ='[1]ÜDM sahələr üzrə'!AD71 -> 30051.9 | K13: ='[1]ÜDM sahələr üzrə'!AE71 -> 20417.5 | L13: ='[1]ÜDM sahələr üzrə'!AF71 -> 34501.4 | M13: ='[1]ÜDM sahələr üzrə'!AG71 -> 62490.52 | N13: ='[1]ÜDM sahələr üzrə'!AH71 -> 42275.9 | O13: ='[1]ÜDM sahələr üzrə'!AI71 -> 38638.1 | P13: ='[1]ÜDM sahələr üzrə'!AJ71 -> 34571.361 | ... U13: ='[1]ÜDM sahələr üzrə'!AO71 -> 30831.042
B14: real artım tempi | C14: % | D14: 0.90285985 | E14: -2.8656196 | F14: 0.57709388 | G14: 0.1022383 | H14: -5.3363259 | I14: ='[1]ÜDM sahələr üzrə'!AC73 -> 0.53620886 | J14: ='[1]ÜDM sahələr üzrə'!AD73 -> 0.42074393 | K14: ='[1]ÜDM sahələr üzrə'!AE73 -> -6.5034879 | L14: ='[1]ÜDM sahələr üzrə'!AF73 -> 1.3975484 | M14: ='[1]ÜDM sahələr üzrə'!AG73 -> -2.4821616 | N14: ='[1]ÜDM sahələr üzrə'!AH73 -> -2.5022282 | O14: ='[1]ÜDM sahələr üzrə'!AI73 -> 0.32330243 | P14: ='[1]ÜDM sahələr üzrə'!AJ73 -> -0.19901236 | ... U14: ='[1]ÜDM sahələr üzrə'!AO73 -> -1.0913633
B15: deflyator | C15: % | D15: -3.7650618 | E15: -7.3235976 | F15: -28.450354 | G15: 26.982292 | H15: 35.097011 | I15: ='[1]ÜDM sahələr üzrə'!AC74 -> 28.211477 | J15: ='[1]ÜDM sahələr üzrə'!AD74 -> -7.1535531 | K15: ='[1]ÜDM sahələr üzrə'!AE74 -> -27.333337 | L15: ='[1]ÜDM sahələr üzrə'!AF74 -> 66.65053 | M15: ='[1]ÜDM sahələr üzrə'!AG74 -> 85.734831 | N15: ='[1]ÜDM sahələr üzrə'!AH74 -> -30.612054 | O15: ='[1]ÜDM sahələr üzrə'!AI74 -> -8.8994329 | P15: ='[1]ÜDM sahələr üzrə'!AJ74 -> -10.346785 | ... U15: ='[1]ÜDM sahələr üzrə'!AO74 -> 1.1990834
A16: 2.2. | B16: Qeyri neft-qaz sənayesi | C16: ÜDM-də payı, % | D16: 4.5779636 | E16: 4.6838315 | F16: 4.6530705 | G16: 4.7630163 | H16: 4.5537181 | I16: =I17/'2.4.1.1.'!I$4*100 -> 4.2867452 | J16: =J17/'2.4.1.1.'!J$4*100 -> 4.6815115 | K16: =K17/'2.4.1.1.'!K$4*100 -> 5.9454849 | L16: =L17/'2.4.1.1.'!L$4*100 -> 5.8529106 | M16: =M17/'2.4.1.1.'!M$4*100 -> 4.6592076 | N16: =N17/'2.4.1.1.'!N$4*100 -> 5.3065184 | O16: =O17/'2.4.1.1.'!O$4*100 -> 5.317927 | P16: =P17/'2.4.1.1.'!P$4*100 -> 5.8064735 | ... U16: =U17/'2.4.1.1.'!U$4*100 -> 7.2124762
B17: əlavə dəyər | C17: mln AZN | D17: 2663.5508 | E17: 2763.921 | F17: 2530.3351 | G17: 2878.0621 | H17: 3202.9863 | I17: ='[1]ÜDM sahələr üzrə'!AC20 -> 3433.34 | J17: ='[1]ÜDM sahələr üzrə'!AD20 -> 3833.98 | K17: ='[1]ÜDM sahələr üzrə'!AE20 -> 4315.12 | L17: ='[1]ÜDM sahələr üzrə'!AF20 -> 5455.1 | M17: ='[1]ÜDM sahələr üzrə'!AG20 -> 6242.065 | N17: ='[1]ÜDM sahələr üzrə'!AH20 -> 6533.833 | O17: ='[1]ÜDM sahələr üzrə'!AI20 -> 6718.5099 | P17: ='[1]ÜDM sahələr üzrə'!AJ20 -> 7440.0792 | ... U17: ='[1]ÜDM sahələr üzrə'!AO20 -> 12145.301
B18: real artım tempi | C18: % | D18: 3.4370233 | E18: 8.7081805 | F18: 5.8 | G18: 2.1090965 | H18: 4.5337489 | I18: ='[1]ÜDM sahələr üzrə'!AC22 -> 6.885376 | J18: ='[1]ÜDM sahələr üzrə'!AD22 -> 13.696948 | K18: ='[1]ÜDM sahələr üzrə'!AE22 -> 11.014783 | L18: ='[1]ÜDM sahələr üzrə'!AF22 -> 17.927453 | M18: ='[1]ÜDM sahələr üzrə'!AG22 -> 5.6141965 | N18: ='[1]ÜDM sahələr üzrə'!AH22 -> 6.3746479 | O18: ='[1]ÜDM sahələr üzrə'!AI22 -> 4.9806449 | P18: ='[1]ÜDM sahələr üzrə'!AJ22 -> 8.635235 | ... U18: ='[1]ÜDM sahələr üzrə'!AO22 -> 1.4506263
B19: deflyator | C19: % | D19: -0.41627677 | E19: -4.5441796 | F19: -1.8 | G19: 11.392947 | H19: 6.4629249 | I19: ='[1]ÜDM sahələr üzrə'!AC23 -> 0.28332026 | J19: ='[1]ÜDM sahələr üzrə'!AD23 -> -1.7835522 | K19: ='[1]ÜDM sahələr üzrə'!AE23 -> 1.3823184 | L19: ='[1]ÜDM sahələr üzrə'!AF23 -> 7.2000336 | M19: ='[1]ÜDM sahələr üzrə'!AG23 -> 8.3436022 | N19: ='[1]ÜDM sahələr üzrə'!AH23 -> -1.5985251 | O19: ='[1]ÜDM sahələr üzrə'!AI23 -> -2.0519724 | P19: ='[1]ÜDM sahələr üzrə'!AJ23 -> 1.937479 | ... U19: ='[1]ÜDM sahələr üzrə'!AO23 -> 2.4080007
A20: 3. | B20: Tikinti | C20: ÜDM-də payı, % | D20: 11.607886 | E20: 12.631558 | F20: 11.952026 | G20: 10.490491 | H20: 9.5974248 | I20: =I21/'2.4.1.1.'!I$4*100 -> 7.7203716 | J20: =J21/'2.4.1.1.'!J$4*100 -> 7.4469878 | K20: =K21/'2.4.1.1.'!K$4*100 -> 7.8790985 | L20: =L21/'2.4.1.1.'!L$4*100 -> 5.9476391 | M20: =M21/'2.4.1.1.'!M$4*100 -> 4.8433011 | N20: =N21/'2.4.1.1.'!N$4*100 -> 6.1995429 | O20: =O21/'2.4.1.1.'!O$4*100 -> 6.7107018 | P20: =P21/'2.4.1.1.'!P$4*100 -> 7.1247375 | ... U20: =U21/'2.4.1.1.'!U$4*100 -> 6.7096002
B21: əlavə dəyər | C21: mln AZN | D21: 6753.7 | E21: 7454.4 | F21: 6499.5 | G21: 6338.9 | H21: 6750.62 | I21: ='[1]ÜDM sahələr üzrə'!AC271 -> 6183.4 | J21: ='[1]ÜDM sahələr üzrə'!AD271 -> 6098.8 | K21: ='[1]ÜDM sahələr üzrə'!AE271 -> 5718.5 | L21: ='[1]ÜDM sahələr üzrə'!AF271 -> 5543.39 | M21: ='[1]ÜDM sahələr üzrə'!AG271 -> 6488.7 | N21: ='[1]ÜDM sahələr üzrə'!AH271 -> 7633.4 | O21: ='[1]ÜDM sahələr üzrə'!AI271 -> 8478.1 | P21: ='[1]ÜDM sahələr üzrə'!AJ271 -> 9129.2263 | ... U21: ='[1]ÜDM sahələr üzrə'!AO271 -> 11298.493
B22: real artım tempi | C22: % | D22: 21.25 | E22: 8.8 | F22: -13.4 | G22: -22.6 | H22: 0.2 | I22: ='[1]ÜDM sahələr üzrə'!AC273 -> -8.8 | J22: ='[1]ÜDM sahələr üzrə'!AD273 -> -2.8 | K22: ='[1]ÜDM sahələr üzrə'!AE273 -> -7.7 | L22: ='[1]ÜDM sahələr üzrə'!AF273 -> -1.636 | M22: ='[1]ÜDM sahələr üzrə'!AG273 -> 13.2 | N22: ='[1]ÜDM sahələr üzrə'!AH273 -> 14.6 | O22: ='[1]ÜDM sahələr üzrə'!AI273 -> 9.6 | P22: ='[1]ÜDM sahələr üzrə'!AJ273 -> 5.8321599 | ... U22: ='[1]ÜDM sahələr üzrə'!AO273 -> -6.8641012
B23: deflyator | C23: % | D23: 1.1285945 | E23: 1.4476596 | F23: 0.68142714 | G23: 26.006513 | H23: 6.2825681 | I23: ='[1]ÜDM sahələr üzrə'!AC276 -> 0.43616656 | J23: ='[1]ÜDM sahələr üzrə'!AD276 -> 1.4730665 | K23: ='[1]ÜDM sahələr üzrə'!AE276 -> 1.5865082 | L23: ='[1]ÜDM sahələr üzrə'!AF276 -> -1.4498868 | M23: ='[1]ÜDM sahələr üzrə'!AG276 -> 3.4036418 | N23: ='[1]ÜDM sahələr üzrə'!AH276 -> 2.65396 | O23: ='[1]ÜDM sahələr üzrə'!AI276 -> 1.3374473 | P23: ='[1]ÜDM sahələr üzrə'!AJ276 -> 1.7461016 | ... U23: ='[1]ÜDM sahələr üzrə'!AO276 -> 3.8725136
A24: 4. | B24: Xidmətlərin istehsalı | C24: ÜDM-də payı, % | D24: 30.913769 | E24: 33.615999 | F24: 39.995596 | G24: 38.638346 | H24: 37.576109 | I24: =I25/'2.4.1.1.'!I$4*100 -> 34.797982 | J24: =J25/'2.4.1.1.'!J$4*100 -> 36.49107 | K24: =K25/'2.4.1.1.'!K$4*100 -> 41.868828 | L24: =L25/'2.4.1.1.'!L$4*100 -> 37.323686 | M24: =M25/'2.4.1.1.'!M$4*100 -> 31.796932 | N24: =N25/'2.4.1.1.'!N$4*100 -> 39.414536 | O24: =O25/'2.4.1.1.'!O$4*100 -> 41.945033 | P24: =P25/'2.4.1.1.'!P$4*100 -> 44.207407 | ... U24: =U25/'2.4.1.1.'!U$4*100 -> 52.236715
B25: əlavə dəyər | C25: mln AZN | D25: 17986.249 | E25: 19838.379 | F25: 21749.565 | G25: 23347.298 | H25: 26430.218 | I25: ='[1]ÜDM sahələr üzrə'!AC282 -> 27870.4 | J25: ='[1]ÜDM sahələr üzrə'!AD282 -> 29884.8 | K25: ='[1]ÜDM sahələr üzrə'!AE282 -> 30387.6 | L25: ='[1]ÜDM sahələr üzrə'!AF282 -> 34786.87 | M25: ='[1]ÜDM sahələr üzrə'!AG282 -> 42599.2 | N25: ='[1]ÜDM sahələr üzrə'!AH282 -> 48530.5 | O25: ='[1]ÜDM sahələr üzrə'!AI282 -> 52992.1 | P25: ='[1]ÜDM sahələr üzrə'!AJ282 -> 56644.814 | ... U25: ='[1]ÜDM sahələr üzrə'!AO282 -> 87962.943
B26: real artım tempi | C26: % | D26: 8.3539137 | E26: 7.547302 | F26: 4.4395771 | G26: -0.8065074 | H26: 3.1565799 | I26: ='[1]ÜDM sahələr üzrə'!AC284 -> 3.8080658 | J26: ='[1]ÜDM sahələr üzrə'!AD284 -> 3.8064167 | K26: ='[1]ÜDM sahələr üzrə'!AE284 -> -4.447776 | L26: ='[1]ÜDM sahələr üzrə'!AF284 -> 7.7764685 | M26: ='[1]ÜDM sahələr üzrə'!AG284 -> 9.7640449 | N26: ='[1]ÜDM sahələr üzrə'!AH284 -> 2.9265314 | O26: ='[1]ÜDM sahələr üzrə'!AI284 -> 6.4173413 | P26: ='[1]ÜDM sahələr üzrə'!AJ284 -> 4.2965363 | ... U26: ='[1]ÜDM sahələr üzrə'!AO284 -> 2.7671018
B27: deflyator | C27: % | D27: 4.0267501 | E27: 2.5571768 | F27: 4.9734052 | G27: 8.2188386 | H27: 9.7405636 | I27: ='[1]ÜDM sahələr üzrə'!AC285 -> 1.5808057 | J27: ='[1]ÜDM sahələr üzrə'!AD285 -> 3.2958687 | K27: ='[1]ÜDM sahələr üzrə'!AE285 -> 6.4155876 | L27: ='[1]ÜDM sahələr üzrə'!AF285 -> 6.217238 | M27: ='[1]ÜDM sahələr üzrə'!AG285 -> 11.56449 | N27: ='[1]ÜDM sahələr üzrə'!AH285 -> 10.68429 | O27: ='[1]ÜDM sahələr üzrə'!AI285 -> 2.6086468 | P27: ='[1]ÜDM sahələr üzrə'!AJ285 -> 2.4894437 | ... U27: ='[1]ÜDM sahələr üzrə'!AO285 -> 6.8473652
A28: 4.1 | B28: Ticarət, nəqliyyat vasitələrinin təmiri | C28: ÜDM-də payı, % | D28: 7.1308996 | E28: 7.8828619 | F28: 9.9077049 | G28: 10.346346 | H28: 10.364864 | I28: =I29/'2.4.1.1.'!I$4*100 -> 9.5728662 | J28: =J29/'2.4.1.1.'!J$4*100 -> 9.9954577 | K28: =K29/'2.4.1.1.'!K$4*100 -> 11.527582 | L28: =L29/'2.4.1.1.'!L$4*100 -> 10.021523 | M28: =M29/'2.4.1.1.'!M$4*100 -> 8.1750252 | N28: =N29/'2.4.1.1.'!N$4*100 -> 10.433415 | O28: =O29/'2.4.1.1.'!O$4*100 -> 10.695678 | P28: =P29/'2.4.1.1.'!P$4*100 -> 11.239755 | ... U28: =U29/'2.4.1.1.'!U$4*100 -> 14.126831
B29: əlavə dəyər | C29: mln AZN | D29: 4148.9 | E29: 4652 | F29: 5387.8 | G29: 6251.8 | H29: 7290.42 | I29: ='[1]ÜDM sahələr üzrə'!AC289 -> 7667.1 | J29: ='[1]ÜDM sahələr üzrə'!AD289 -> 8185.9 | K29: ='[1]ÜDM sahələr üzrə'!AE289 -> 8366.5 | L29: ='[1]ÜDM sahələr üzrə'!AF289 -> 9340.38 | M29: ='[1]ÜDM sahələr üzrə'!AG289 -> 10952.3 | N29: ='[1]ÜDM sahələr üzrə'!AH289 -> 12846.5 | O29: ='[1]ÜDM sahələr üzrə'!AI289 -> 13512.6 | P29: ='[1]ÜDM sahələr üzrə'!AJ289 -> 14401.972 | ... U29: ='[1]ÜDM sahələr üzrə'!AO289 -> 23788.587
B30: real artım tempi | C30: % | D30: 9.85 | E30: 10 | F30: 10.9 | G30: 1.5 | H30: 2.516 | I30: ='[1]ÜDM sahələr üzrə'!AC291 -> 3 | J30: ='[1]ÜDM sahələr üzrə'!AD291 -> 3.6 | K30: ='[1]ÜDM sahələr üzrə'!AE291 -> -1.3 | L30: ='[1]ÜDM sahələr üzrə'!AF291 -> 4.9 | M30: ='[1]ÜDM sahələr üzrə'!AG291 -> 3.24 | N30: ='[1]ÜDM sahələr üzrə'!AH291 -> 3.5 | O30: ='[1]ÜDM sahələr üzrə'!AI291 -> 3.8 | P30: ='[1]ÜDM sahələr üzrə'!AJ291 -> 4.7566523 | ... U30: ='[1]ÜDM sahələr üzrə'!AO291 -> 3.9111247
B31: deflyator | C31: % | D31: 3.3628232 | E31: 1.9328234 | F31: 4.4335915 | G31: 14.321409 | H31: 13.751156 | I31: ='[1]ÜDM sahələr üzrə'!AC294 -> 2.1039505 | J31: ='[1]ÜDM sahələr üzrə'!AD294 -> 3.0565387 | K31: ='[1]ÜDM sahələr üzrə'!AE294 -> 3.5524141 | L31: ='[1]ÜDM sahələr üzrə'!AF294 -> 6.4253879 | M31: ='[1]ÜDM sahələr üzrə'!AG294 -> 13.577627 | N31: ='[1]ÜDM sahələr üzrə'!AH294 -> 13.3285 | O31: ='[1]ÜDM sahələr üzrə'!AI294 -> 1.334364 | P31: ='[1]ÜDM sahələr üzrə'!AJ294 -> 1.7422721 | ... U31: ='[1]ÜDM sahələr üzrə'!AO294 -> 7.2035648
A32: 4.2 | B32: Turistlərin yerləşdirilməsi və ictimai iaşə | C32: ÜDM-də payı, % | D32: 1.8376818 | E32: 2.150503 | F32: 2.4141273 | G32: 2.3567982 | H32: 2.3668915 | I32: =I33/'2.4.1.1.'!I$4*100 -> 2.2901164 | J32: =J33/'2.4.1.1.'!J$4*100 -> 2.4179388 | K32: =K33/'2.4.1.1.'!K$4*100 -> 1.1424934 | L32: =L33/'2.4.1.1.'!L$4*100 -> 1.2620597 | M32: =M33/'2.4.1.1.'!M$4*100 -> 1.5198622 | N32: =N33/'2.4.1.1.'!N$4*100 -> 2.1729343 | O32: =O33/'2.4.1.1.'!O$4*100 -> 2.4444935 | P32: =P33/'2.4.1.1.'!P$4*100 -> 2.631195 | ... U32: =U33/'2.4.1.1.'!U$4*100 -> 2.152894
B33: əlavə dəyər | C33: mln AZN | D33: 1069.2 | E33: 1269.1 | F33: 1312.8 | G33: 1424.1 | H33: 1664.82 | I33: ='[1]ÜDM sahələr üzrə'!AC300 -> 1834.2 | J33: ='[1]ÜDM sahələr üzrə'!AD300 -> 1980.2 | K33: ='[1]ÜDM sahələr üzrə'!AE300 -> 829.2 | L33: ='[1]ÜDM sahələr üzrə'!AF300 -> 1176.28 | M33: ='[1]ÜDM sahələr üzrə'!AG300 -> 2036.2 | N33: ='[1]ÜDM sahələr üzrə'!AH300 -> 2675.5 | O33: ='[1]ÜDM sahələr üzrə'!AI300 -> 3088.3 | P33: ='[1]ÜDM sahələr üzrə'!AJ300 -> 3371.461 | ... U33: ='[1]ÜDM sahələr üzrə'!AO300 -> 3625.3216
B34: real artım tempi | C34: % | D34: 16 | E34: 18.2 | F34: 14 | G34: 2.1 | H34: 6.9 | I34: ='[1]ÜDM sahələr üzrə'!AC302 -> 7.6 | J34: ='[1]ÜDM sahələr üzrə'!AD302 -> 6.4 | K34: ='[1]ÜDM sahələr üzrə'!AE302 -> -58.93 | L34: ='[1]ÜDM sahələr üzrə'!AF302 -> 34.02 | M34: ='[1]ÜDM sahələr üzrə'!AG302 -> 50.3 | N34: ='[1]ÜDM sahələr üzrə'!AH302 -> 21.5 | O34: ='[1]ÜDM sahələr üzrə'!AI302 -> 12.9 | P34: ='[1]ÜDM sahələr üzrə'!AJ302 -> 10.216421 | ... U34: ='[1]ÜDM sahələr üzrə'!AO302 -> 6.5797348
B35: deflyator | C35: % | D35: 2.7105124 | E35: 0.41981512 | F35: -9.2601885 | G35: 6.2468777 | H35: 9.3576308 | I35: ='[1]ÜDM sahələr üzrə'!AC305 -> 2.3934911 | J35: ='[1]ÜDM sahələr üzrə'!AD305 -> 1.4660465 | K35: ='[1]ÜDM sahələr üzrə'!AE305 -> 1.9589923 | L35: ='[1]ÜDM sahələr üzrə'!AF305 -> 5.8477927 | M35: ='[1]ÜDM sahələr üzrə'!AG305 -> 15.173016 | N35: ='[1]ÜDM sahələr üzrə'!AH305 -> 8.145448 | O35: ='[1]ÜDM sahələr üzrə'!AI305 -> 2.2399396 | P35: ='[1]ÜDM sahələr üzrə'!AJ305 -> -0.95048592 | ... U35: ='[1]ÜDM sahələr üzrə'!AO305 -> 7.0659167
A36: 4.3 | B36: Nəqliyyat və anbar təsərrüfatı | C36: ÜDM-də payı, % | D36: 4.4152831 | E36: 4.5004499 | F36: 5.9615777 | G36: 6.7450335 | H36: 6.7085098 | I36: =I37/'2.4.1.1.'!I$4*100 -> 6.1527993 | J36: =J37/'2.4.1.1.'!J$4*100 -> 5.9430108 | K36: =K37/'2.4.1.1.'!K$4*100 -> 7.1295611 | L36: =L37/'2.4.1.1.'!L$4*100 -> 6.855977 | M36: =M37/'2.4.1.1.'!M$4*100 -> 6.0623108 | N36: =N37/'2.4.1.1.'!N$4*100 -> 6.3567771 | O36: =O37/'2.4.1.1.'!O$4*100 -> 6.9836226 | P36: =P37/'2.4.1.1.'!P$4*100 -> 7.308644 | ... U36: =U37/'2.4.1.1.'!U$4*100 -> 9.0091781
B37: əlavə dəyər | C37: mln AZN | D37: 2568.9 | E37: 2655.9 | F37: 3241.9 | G37: 4075.7 | H37: 4718.62 | I37: ='[1]ÜDM sahələr üzrə'!AC311 -> 4927.9 | J37: ='[1]ÜDM sahələr üzrə'!AD311 -> 4867.1 | K37: ='[1]ÜDM sahələr üzrə'!AE311 -> 5174.5 | L37: ='[1]ÜDM sahələr üzrə'!AF311 -> 6389.99 | M37: ='[1]ÜDM sahələr üzrə'!AG311 -> 8121.84 | N37: ='[1]ÜDM sahələr üzrə'!AH311 -> 7827 | O37: ='[1]ÜDM sahələr üzrə'!AI311 -> 8822.9 | P37: ='[1]ÜDM sahələr üzrə'!AJ311 -> 9364.8735 | ... U37: ='[1]ÜDM sahələr üzrə'!AO311 -> 15170.82
B38: real artım tempi | C38: % | D38: 6.25 | E38: 4.7 | F38: -1 | G38: -0.7 | H38: 8.5 | I38: ='[1]ÜDM sahələr üzrə'!AC313 -> 7.7 | J38: ='[1]ÜDM sahələr üzrə'!AD313 -> 1.25 | K38: ='[1]ÜDM sahələr üzrə'!AE313 -> 4.89 | L38: ='[1]ÜDM sahələr üzrə'!AF313 -> 16.4 | M38: ='[1]ÜDM sahələr üzrə'!AG313 -> 24.78 | N38: ='[1]ÜDM sahələr üzrə'!AH313 -> -7 | O38: ='[1]ÜDM sahələr üzrə'!AI313 -> 14.1 | P38: ='[1]ÜDM sahələr üzrə'!AJ313 -> 7.8006887 | ... U38: ='[1]ÜDM sahələr üzrə'!AO313 -> 0.55273522
B39: deflyator | C39: % | D39: -10.239522 | E39: -1.2543806 | F39: 9.8 | G39: 26.605726 | H39: 6.704579 | I39: ='[1]ÜDM sahələr üzrə'!AC314 -> -3.0309771 | J39: ='[1]ÜDM sahələr üzrə'!AD314 -> -2.4531272 | K39: ='[1]ÜDM sahələr üzrə'!AE314 -> 1.3594013 | L39: ='[1]ÜDM sahələr üzrə'!AF314 -> 6.0910645 | M39: ='[1]ÜDM sahələr üzrə'!AG314 -> 1.861313 | N39: ='[1]ÜDM sahələr üzrə'!AH314 -> 3.6234281 | O39: ='[1]ÜDM sahələr üzrə'!AI314 -> -1.2060434 | P39: ='[1]ÜDM sahələr üzrə'!AJ314 -> -1.5379163 | ... U39: ='[1]ÜDM sahələr üzrə'!AO314 -> 9.4134077
A40: 4.4 | B40: İnformasiya və rabitə | C40: ÜDM-də payı, % | D40: 1.7391977 | E40: 1.8146511 | F40: 2.0000037 | G40: 1.7510906 | H40: 1.6264364 | I40: =I41/'2.4.1.1.'!I$4*100 -> 1.5673226 | J40: =J41/'2.4.1.1.'!J$4*100 -> 1.7976414 | K40: =K41/'2.4.1.1.'!K$4*100 -> 2.120061 | L40: =L41/'2.4.1.1.'!L$4*100 -> 1.763963 | M40: =M41/'2.4.1.1.'!M$4*100 -> 1.3807442 | N40: =N41/'2.4.1.1.'!N$4*100 -> 1.7440326 | O40: =O41/'2.4.1.1.'!O$4*100 -> 1.8992851 | P40: =P41/'2.4.1.1.'!P$4*100 -> 2.0691445 | ... U40: =U41/'2.4.1.1.'!U$4*100 -> 2.5460893
B41: əlavə dəyər | C41: mln AZN | D41: 1011.9 | E41: 1070.9 | F41: 1087.6 | G41: 1058.1 | H41: 1144 | I41: ='[1]ÜDM sahələr üzrə'!AC320 -> 1255.3 | J41: ='[1]ÜDM sahələr üzrə'!AD320 -> 1472.2 | K41: ='[1]ÜDM sahələr üzrə'!AE320 -> 1538.7 | L41: ='[1]ÜDM sahələr üzrə'!AF320 -> 1644.07 | M41: ='[1]ÜDM sahələr üzrə'!AG320 -> 1849.82 | N41: ='[1]ÜDM sahələr üzrə'!AH320 -> 2147.4 | O41: ='[1]ÜDM sahələr üzrə'!AI320 -> 2399.5 | P41: ='[1]ÜDM sahələr üzrə'!AJ320 -> 2651.282 | ... U41: ='[1]ÜDM sahələr üzrə'!AO320 -> 4287.4348
B42: real artım tempi | C42: % | D42: 10.65 | E42: 15.1 | F42: 6.8 | G42: 4.7 | H42: 6.6 | I42: ='[1]ÜDM sahələr üzrə'!AC322 -> 9.8 | J42: ='[1]ÜDM sahələr üzrə'!AD322 -> 17.2 | K42: ='[1]ÜDM sahələr üzrə'!AE322 -> 0.76 | L42: ='[1]ÜDM sahələr üzrə'!AF322 -> 6.4 | M42: ='[1]ÜDM sahələr üzrə'!AG322 -> 15.4 | N42: ='[1]ÜDM sahələr üzrə'!AH322 -> 16.9 | O42: ='[1]ÜDM sahələr üzrə'!AI322 -> 11.4 | P42: ='[1]ÜDM sahələr üzrə'!AJ322 -> 10.225727 | ... U42: ='[1]ÜDM sahələr üzrə'!AO322 -> 10.120069
B43: deflyator | C43: % | D43: -3.2372028 | E43: -8.0533313 | F43: -4.8981518 | G43: -7.0881935 | H43: 1.4243202 | I43: ='[1]ÜDM sahələr üzrə'!AC323 -> -0.064643917 | J43: ='[1]ÜDM sahələr üzrə'!AD323 -> 0.067182722 | K43: ='[1]ÜDM sahələr üzrə'!AE323 -> 3.7287111 | L43: ='[1]ÜDM sahələr üzrə'!AF323 -> 0.42104188 | M43: ='[1]ÜDM sahələr üzrə'!AG323 -> -2.5002825 | N43: ='[1]ÜDM sahələr üzrə'!AH323 -> -0.69549134 | O43: ='[1]ÜDM sahələr üzrə'!AI323 -> 0.30500748 | P43: ='[1]ÜDM sahələr üzrə'!AJ323 -> 0.24257239 | ... U43: ='[1]ÜDM sahələr üzrə'!AO323 -> -0.0026811251
A44: 4.5 | B44: Sosial və digər sahələrdə yaradılmış əlavə dəyər | C44: ÜDM-də payı, % | D44: 15.790966 | E44: 17.267399 | F44: 19.712431 | G44: 17.493198 | H44: 16.509467 | I44: =I45/'2.4.1.1.'!I$4*100 -> 15.214878 | J44: =J45/'2.4.1.1.'!J$4*100 -> 16.337022 | K44: =K45/'2.4.1.1.'!K$4*100 -> 19.949131 | L44: =L45/'2.4.1.1.'!L$4*100 -> 17.420164 | M44: =M45/'2.4.1.1.'!M$4*100 -> 14.658989 | N44: =N45/'2.4.1.1.'!N$4*100 -> 18.707377 | O44: =O45/'2.4.1.1.'!O$4*100 -> 19.921953 | P44: =P45/'2.4.1.1.'!P$4*100 -> 20.958669 | ... U44: =U45/'2.4.1.1.'!U$4*100 -> 24.401723
B45: əlavə dəyər | C45: mln AZN | D45: 9187.5 | E45: 10190.2 | F45: 10719.6 | G45: 10570.3 | H45: 11612.4 | I45: ='[1]ÜDM sahələr üzrə'!AC327 -> 12185.9 | J45: ='[1]ÜDM sahələr üzrə'!AD327 -> 13379.4 | K45: ='[1]ÜDM sahələr üzrə'!AE327 -> 14478.7 | L45: ='[1]ÜDM sahələr üzrə'!AF327 -> 16236.15 | M45: ='[1]ÜDM sahələr üzrə'!AG327 -> 19639.04 | N45: ='[1]ÜDM sahələr üzrə'!AH327 -> 23034.1 | O45: ='[1]ÜDM sahələr üzrə'!AI327 -> 25168.8 | P45: ='[1]ÜDM sahələr üzrə'!AJ327 -> 26855.225 | ... U45: ='[1]ÜDM sahələr üzrə'!AO327 -> 41090.779
B46: real artım tempi | C46: % | D46: 7.2168694 | E46: 5.1641572 | F46: 1.6640921 | G46: -2.9126231 | H46: 0.61633854 | I46: ='[1]ÜDM sahələr üzrə'!AC329 -> 1.6 | J46: ='[1]ÜDM sahələr üzrə'!AD329 -> 3.2 | K46: ='[1]ÜDM sahələr üzrə'!AE329 -> -2.28 | L46: ='[1]ÜDM sahələr üzrə'!AF329 -> 5 | M46: ='[1]ÜDM sahələr üzrə'!AG329 -> 4.1 | N46: ='[1]ÜDM sahələr üzrə'!AH329 -> 3.47 | O46: ='[1]ÜDM sahələr üzrə'!AI329 -> 4.049 | P46: ='[1]ÜDM sahələr üzrə'!AJ329 -> 1.5294747 | ... U46: ='[1]ÜDM sahələr üzrə'!AO329 -> 1.853045
B47: deflyator | C47: % | D47: 10.328196 | E47: 5.4672471 | F47: 3.4732965 | G47: 1.5654427 | H47: 9.185801 | I47: ='[1]ÜDM sahələr üzrə'!AC330 -> 3.2861085 | J47: ='[1]ÜDM sahələr üzrə'!AD330 -> 6.3896379 | K47: ='[1]ÜDM sahələr üzrə'!AE330 -> 10.741263 | L47: ='[1]ÜDM sahələr üzrə'!AF330 -> 6.7982623 | M47: ='[1]ÜDM sahələr üzrə'!AG330 -> 16.19474 | N47: ='[1]ÜDM sahələr üzrə'!AH330 -> 13.35392 | O47: ='[1]ÜDM sahələr üzrə'!AI330 -> 5.0154871 | P47: ='[1]ÜDM sahələr üzrə'!AJ330 -> 5.0930866 | ... U47: ='[1]ÜDM sahələr üzrə'!AO330 -> 6.4625133
A48: 5. | B48: Məhsula və idxala xalis vergilər | C48: ÜDM-də payı, % | D48: 6.6656354 | E48: 7.4778739 | F48: 8.9352868 | G48: 8.1447807 | H48: 7.1148659 | I48: =I49/'2.4.1.1.'!I$4*100 -> 7.7389752 | J48: =J49/'2.4.1.1.'!J$4*100 -> 8.9900386 | K48: =K49/'2.4.1.1.'!K$4*100 -> 9.4359042 | L48: =L49/'2.4.1.1.'!L$4*100 -> 8.1323388 | M48: =M49/'2.4.1.1.'!M$4*100 -> 7.4441225 | N48: =N49/'2.4.1.1.'!N$4*100 -> 9.2340166 | O48: =O49/'2.4.1.1.'!O$4*100 -> 9.7858102 | P48: =P49/'2.4.1.1.'!P$4*100 -> 10.005658 | ... U48: =U49/'2.4.1.1.'!U$4*100 -> 10.098892
B49: əlavə dəyər | C49: mln AZN | D49: 3878.2 | E49: 4413 | F49: 4859 | G49: 4921.5 | H49: 5004.442 | I49: ='[1]ÜDM sahələr üzrə'!AC332 -> 6198.3 | J49: ='[1]ÜDM sahələr üzrə'!AD332 -> 7362.5 | K49: ='[1]ÜDM sahələr üzrə'!AE332 -> 6848.4 | L49: ='[1]ÜDM sahələr üzrə'!AF332 -> 7579.6 | M49: ='[1]ÜDM sahələr üzrə'!AG332 -> 9973.09 | N49: ='[1]ÜDM sahələr üzrə'!AH332 -> 11369.7 | O49: ='[1]ÜDM sahələr üzrə'!AI332 -> 12363.1 | P49: ='[1]ÜDM sahələr üzrə'!AJ332 -> 12820.671 | ... U49: ='[1]ÜDM sahələr üzrə'!AO332 -> 17005.821
B50: real artım tempi | C50: % | D50: 8.5 | E50: 4.9 | F50: 3.7 | G50: -4.402 | H50: 2.5 | I50: ='[1]ÜDM sahələr üzrə'!AC333 -> 1.6473401 | J50: ='[1]ÜDM sahələr üzrə'!AD333 -> 3.139657 | K50: ='[1]ÜDM sahələr üzrə'!AE333 -> -3.1640228 | L50: ='[1]ÜDM sahələr üzrə'!AF333 -> 8.6218556 | M50: ='[1]ÜDM sahələr üzrə'!AG333 -> 7.8128766 | N50: ='[1]ÜDM sahələr üzrə'!AH333 -> 6.9222387 | O50: ='[1]ÜDM sahələr üzrə'!AI333 -> 5.2962618 | P50: ='[1]ÜDM sahələr üzrə'!AJ333 -> 3.8880276 | ... U50: ='[1]ÜDM sahələr üzrə'!AO333 -> 1.2431639
B51: deflyator | C51: % | D51: 5.3767064 | E51: 8.4746449 | F51: 6.1779205 | G51: 5.9502007 | H51: -0.79483005 | I51: ='[1]ÜDM sahələr üzrə'!AC334 -> 21.849726 | J51: ='[1]ÜDM sahələr üzrə'!AD334 -> 15.166729 | K51: ='[1]ÜDM sahələr üzrə'!AE334 -> -3.9434307 | L51: ='[1]ÜDM sahələr üzrə'!AF334 -> 1.8919681 | M51: ='[1]ÜDM sahələr üzrə'!AG334 -> 22.042984 | N51: ='[1]ÜDM sahələr üzrə'!AH334 -> 6.62308 | O51: ='[1]ÜDM sahələr üzrə'!AI334 -> 3.2679185 | P51: ='[1]ÜDM sahələr üzrə'!AJ334 -> -0.1799307 | ... U51: ='[1]ÜDM sahələr üzrə'!AO334 -> 3.7218536

Sheet 2.4.1.4.
A1: Azərbaycan Respublikasında istehsal olunan əsas məhsul növlərinin sahələr üzrə natural göstəricilərinin proqnozu (o cümlədən aksizli məhsulların növləri üzrə)
A2: № | B2: Göstəricilər | C2: Ölçü vahidi | D2: Hesabat | P2: Proqnoz
D3: =E3-1 -> 2013 | E3: =F3-1 -> 2014 | F3: =G3-1 -> 2015 | G3: =H3-1 -> 2016 | H3: =I3-1 -> 2017 | I3: =J3-1 -> 2018 | J3: =K3-1 -> 2019 | K3: =L3-1 -> 2020 | L3: =M3-1 -> 2021 | M3: 2022 | N3: 2023 | O3: 2024 | P3: 2025 | Q3: 2026 | R3: 2027 | S3: 2028 | T3: 2029 | U3: 2030
A4: 1. | B4: Kənd, meşə və balıqçılıq təsərrüfatı
A5: 1.1 | B5: Bitkiçilik sahəsi
B6: Dənli və dənli paxlalılar | C6: min ton | D6: 2955.3 | E6: 2383.3 | F6: 2999.4 | G6: 3065.1 | H6: 2928.8 | I6: ='[3]4_'!AC8 -> 3309.2 | J6: ='[3]4_'!AD8 -> 3538.46 | K6: ='[3]4_'!AE8 -> 3257.1 | L6: ='[3]4_'!AF8 -> 3363 | M6: ='[3]4_'!AG8 -> 3161.3 | N6: ='[3]4_'!AH8 -> 3248.59 | O6: ='[3]4_'!AI8 -> 3278.1 | P6: ='[3]4_'!AJ8 -> 3224.9894 | ... U6: ='[3]4_'!AO8 -> 3448.11
B7: o cümlədən, buğda | C7: min ton | D7: 1893.4 | E7: 1449.1 | F7: 1687.7 | G7: 1851.4 | H7: 1818.7 | I7: ='[3]4_'!AC9 -> 2042.9 | J7: ='[3]4_'!AD9 -> 2171.5 | K7: ='[3]4_'!AE9 -> 1867.3 | L7: ='[3]4_'!AF9 -> 1885.4 | M7: ='[3]4_'!AG9 -> 1736.1 | N7: ='[3]4_'!AH9 -> 1833.9 | O7: ='[3]4_'!AI9 -> 1685.7 | P7: ='[3]4_'!AJ9 -> 1579.0245 | ... U7: ='[3]4_'!AO9 -> 1684.8
B8: o cümlədən, çəltik | C8: min ton | D8: 4.9 | E8: 2.8 | F8: 3 | G8: 5.6 | H8: 16.2 | I8: ='[3]4_'!AC10 -> 12.4 | J8: ='[3]4_'!AD10 -> 11.96 | K8: ='[3]4_'!AE10 -> 9.9 | L8: ='[3]4_'!AF10 -> 10.7 | M8: ='[3]4_'!AG10 -> 11.6 | N8: ='[3]4_'!AH10 -> 14.9 | O8: ='[3]4_'!AI10 -> 19.6 | P8: ='[3]4_'!AJ10 -> 19.36192 | ... U8: ='[3]4_'!AO10 -> 20.96
B9: Tərəvəz | C9: min ton | D9: 1236.3 | E9: 1187.7 | F9: 1275.3 | G9: 1270.6 | H9: 1405.6 | I9: ='[3]4_'!AC11 -> 1521.9 | J9: ='[3]4_'!AD11 -> 1714.7 | K9: ='[3]4_'!AE11 -> 1738.9 | L9: ='[3]4_'!AF11 -> 1815.5 | M9: ='[3]4_'!AG11 -> 1823.3 | N9: ='[3]4_'!AH11 -> 1825.6 | O9: ='[3]4_'!AI11 -> 1838.9 | P9: ='[3]4_'!AJ11 -> 1856.278 | ... U9: ='[3]4_'!AO11 -> 2022.5
B10: Bostan | C10: min ton | D10: 429.8 | E10: 440.9 | F10: 484.5 | G10: 464.6 | H10: 438.1 | I10: ='[3]4_'!AC12 -> 401.9 | J10: ='[3]4_'!AD12 -> 447.6 | K10: ='[3]4_'!AE12 -> 448.1 | L10: ='[3]4_'!AF12 -> 459.9 | M10: ='[3]4_'!AG12 -> 469.3 | N10: ='[3]4_'!AH12 -> 438.2 | O10: ='[3]4_'!AI12 -> 490.6 | P10: ='[3]4_'!AJ12 -> 474.0012 | ... U10: ='[3]4_'!AO12 -> 539.72
B11: Kartof | C11: min ton | D11: 992.8 | E11: 819.3 | F11: 839.8 | G11: 902.4 | H11: 913.9 | I11: ='[3]4_'!AC13 -> 898.9 | J11: ='[3]4_'!AD13 -> 1004.2 | K11: ='[3]4_'!AE13 -> 1037.6 | L11: ='[3]4_'!AF13 -> 1062 | M11: ='[3]4_'!AG13 -> 1074.3 | N11: ='[3]4_'!AH13 -> 1010.5 | O11: ='[3]4_'!AI13 -> 927.4 | P11: ='[3]4_'!AJ13 -> 946.76232 | ... U11: ='[3]4_'!AO13 -> 1142.2
B12: Pambıq | C12: min ton | D12: 45.2 | E12: 41 | F12: 35.2 | G12: 89.4 | H12: 207.5 | I12: ='[3]4_'!AC14 -> 233.6 | J12: ='[3]4_'!AD14 -> 295.295 | K12: ='[3]4_'!AE14 -> 336.8 | L12: ='[3]4_'!AF14 -> 287 | M12: ='[3]4_'!AG14 -> 322.5 | N12: ='[3]4_'!AH14 -> 276.3 | O12: ='[3]4_'!AI14 -> 310.8 | P12: ='[3]4_'!AJ14 -> 305.78184 | ... U12: ='[3]4_'!AO14 -> 316.725
B13: Tütün | C13: min ton | D13: 3.5 | E13: 2.9 | F13: 3.5 | G13: 3.6 | H13: 5.3 | I13: ='[3]4_'!AC15 -> 6.3 | J13: ='[3]4_'!AD15 -> 6 | K13: ='[3]4_'!AE15 -> 6.9 | L13: ='[3]4_'!AF15 -> 6.4 | M13: ='[3]4_'!AG15 -> 5.1 | N13: ='[3]4_'!AH15 -> 6.3 | O13: ='[3]4_'!AI15 -> 6.5 | P13: ='[3]4_'!AJ15 -> 7.5215 | ... U13: ='[3]4_'!AO15 -> 6.7375
B14: Şəkər çuğunduru | C14: min ton | D14: 187.9 | E14: 173.3 | F14: 184.3 | G14: 345.8 | H14: 435 | I14: ='[3]4_'!AC16 -> 299.4 | J14: ='[3]4_'!AD16 -> 237 | K14: ='[3]4_'!AE16 -> 253.3 | L14: ='[3]4_'!AF16 -> 193.2 | M14: ='[3]4_'!AG16 -> 222.7 | N14: ='[3]4_'!AH16 -> 219.8 | O14: ='[3]4_'!AI16 -> 290.1 | P14: ='[3]4_'!AJ16 -> 318.62748 | ... U14: ='[3]4_'!AO16 -> 318.24
B15: Dən üçün günəbaxan | C15: min ton | D15: 17.7 | E15: 19.8 | F15: 18.4 | G15: 17.1 | H15: 30.6 | I15: ='[3]4_'!AC17 -> 24.3 | J15: ='[3]4_'!AD17 -> 34.8 | K15: ='[3]4_'!AE17 -> 24.8 | L15: ='[3]4_'!AF17 -> 25.8 | M15: ='[3]4_'!AG17 -> 29.4 | N15: ='[3]4_'!AH17 -> 29.3 | O15: ='[3]4_'!AI17 -> 31.2 | P15: ='[3]4_'!AJ17 -> 31.30386 | ... U15: ='[3]4_'!AO17 -> 33.7
B16: Meyvə və giləmeyvə | C16: min ton | D16: 853.8 | E16: 850.8 | F16: 888.4 | G16: 882.8 | H16: 954.8 | I16: ='[3]4_'!AC18 -> 1010.8 | J16: ='[3]4_'!AD18 -> 1099.7 | K16: ='[3]4_'!AE18 -> 1133.1 | L16: ='[3]4_'!AF18 -> 1204.9 | M16: ='[3]4_'!AG18 -> 1253.1 | N16: ='[3]4_'!AH18 -> 1261.3 | O16: ='[3]4_'!AI18 -> 1317.9 | P16: ='[3]4_'!AJ18 -> 1392.2765 | ... U16: ='[3]4_'!AO18 -> 1516.08
B17: Üzüm | C17: min ton | D17: 148.5 | E17: 147.7 | F17: 157.1 | G17: 136.5 | H17: 152.8 | I17: ='[3]4_'!AC19 -> 167.6 | J17: ='[3]4_'!AD19 -> 201.8423 | K17: ='[3]4_'!AE19 -> 208 | L17: ='[3]4_'!AF19 -> 209.8 | M17: ='[3]4_'!AG19 -> 212.6 | N17: ='[3]4_'!AH19 -> 224.5 | O17: ='[3]4_'!AI19 -> 205.1 | P17: ='[3]4_'!AJ19 -> 205.6 | ... U17: ='[3]4_'!AO19 -> 216.98
B18: Çay yarpağı | C18: min ton | D18: 0.57 | E18: 0.47 | F18: 0.58 | G18: 1.02 | H18: 0.78 | I18: ='[3]4_'!AC20 -> 0.87 | J18: ='[3]4_'!AD20 -> 0.9294 | K18: ='[3]4_'!AE20 -> 0.9315 | L18: ='[3]4_'!AF20 -> 1.1777 | M18: ='[3]4_'!AG20 -> 1.0009 | N18: ='[3]4_'!AH20 -> 1.1238 | O18: ='[3]4_'!AI20 -> 1.0695 | P18: ='[3]4_'!AJ20 -> 1.0875 | ... U18: ='[3]4_'!AO20 -> 1.26
A19: 1.2 | B19: Heyvandarlıq sahəsi
B20: Ət (diri çəkidə) | C20: min ton | D20: 286.9 | E20: 291.2 | F20: 298.6 | G20: 302.2 | H20: 316.8 | I20: ='[3]4_'!AC22 -> 556.6 | J20: ='[3]4_'!AD22 -> 573.3 | K20: ='[3]4_'!AE22 -> 591.1 | L20: ='[3]4_'!AF22 -> 610 | M20: ='[3]4_'!AG22 -> 628.0291 | N20: ='[3]4_'!AH22 -> 647.7492 | O20: ='[3]4_'!AI22 -> 659 | P20: ='[3]4_'!AJ22 -> 672.51975 | ... U20: ='[3]4_'!AO22 -> 741.82087
B21: o cümlədən mal əti | C21: min ton | D21: 120.8 | E21: 122.4 | F21: 129.8 | G21: 131 | H21: 132.9 | I21: ='[3]4_'!AC23 -> 239.9 | J21: ='[3]4_'!AD23 -> 243.7 | K21: ='[3]4_'!AE23 -> 252.8787 | L21: ='[3]4_'!AF23 -> 256.6 | M21: ='[3]4_'!AG23 -> 263.0966 | N21: ='[3]4_'!AH23 -> 271.6358 | O21: ='[3]4_'!AI23 -> 272 | P21: ='[3]4_'!AJ23 -> 275.264 | ... U21: ='[3]4_'!AO23 -> 297.72438
B22: o cümlədən qoyun əti | C22: min ton | D22: 70.9 | E22: 68.7 | F22: 70.9 | G22: 75.2 | H22: 79.1 | I22: ='[3]4_'!AC24 -> 165.7 | J22: ='[3]4_'!AD24 -> 174.7 | K22: ='[3]4_'!AE24 -> 178.4168 | L22: ='[3]4_'!AF24 -> 180 | M22: ='[3]4_'!AG24 -> 183.673 | N22: ='[3]4_'!AH24 -> 184.0101 | O22: ='[3]4_'!AI24 -> 185.9 | P22: ='[3]4_'!AJ24 -> 186.6728 | ... U22: ='[3]4_'!AO24 -> 195.913
B23: o cümlədən quş əti | C23: min ton | D23: 94.5 | E23: 99.4 | F23: 97.2 | G23: 95.5 | H23: 104.3 | I23: ='[3]4_'!AC25 -> 150.3 | J23: ='[3]4_'!AD25 -> 154.2 | K23: ='[3]4_'!AE25 -> 159.1381 | L23: ='[3]4_'!AF25 -> 172.7 | M23: ='[3]4_'!AG25 -> 180.5469 | N23: ='[3]4_'!AH25 -> 191.4049 | O23: ='[3]4_'!AI25 -> 200.4 | P23: ='[3]4_'!AJ25 -> 209.87077 | ... U23: ='[3]4_'!AO25 -> 247.35033
B24: Yumurta | C24: mln ədəd | D24: 1401.5 | E24: 1562.7 | F24: 1552.9 | G24: 1609.8 | H24: 1714 | I24: ='[3]4_'!AC26 -> 1676.2 | J24: ='[3]4_'!AD26 -> 1827.1 | K24: ='[3]4_'!AE26 -> 1906.2 | L24: ='[3]4_'!AF26 -> 1838.8 | M24: ='[3]4_'!AG26 -> 2018.146 | N24: ='[3]4_'!AH26 -> 2188.2 | O24: ='[3]4_'!AI26 -> 2300.8 | P24: ='[3]4_'!AJ26 -> 2400 | ... U24: ='[3]4_'!AO26 -> 2728.3341
B25: Süd (fiziki çəkidə) | C25: min ton | D25: 1796.7 | E25: 1855.8 | F25: 1924.5 | G25: 2009.9 | H25: 2024.1 | I25: ='[3]4_'!AC27 -> 2080.4 | J25: ='[3]4_'!AD27 -> 2150.8 | K25: ='[3]4_'!AE27 -> 2192.5 | L25: ='[3]4_'!AF27 -> 2223.4 | M25: ='[3]4_'!AG27 -> 2264.678 | N25: ='[3]4_'!AH27 -> 2284 | O25: ='[3]4_'!AI27 -> 2298.5 | P25: ='[3]4_'!AJ27 -> 2321.4 | ... U25: ='[3]4_'!AO27 -> 2500.5105
B26: Yun (fiziki çəkidə) | C26: min ton | D26: 16.5 | E26: 16.8 | F26: 17 | G26: 16.7 | H26: 16 | I26: ='[3]4_'!AC28 -> 15.8 | J26: ='[3]4_'!AD28 -> 16.0986 | K26: ='[3]4_'!AE28 -> 16.1 | L26: ='[3]4_'!AF28 -> 16.1 | M26: ='[3]4_'!AG28 -> 15.772 | N26: ='[3]4_'!AH28 -> 15.1 | O26: ='[3]4_'!AI28 -> 14.8 | P26: ='[3]4_'!AJ28 -> 15.038293 | ... U26: ='[3]4_'!AO28 -> 15.721492
B27: Barama (yaş çəkidə) | C27: ton | D27: 0.0014 | E27: 0.000974 | F27: 0.000236 | G27: 70.7 | H27: 245.2 | I27: ='[3]4_'!AC29 -> 513.9 | J27: ='[3]4_'!AD29 -> 643.7 | K27: ='[3]4_'!AE29 -> 446.6 | L27: ='[3]4_'!AF29 -> 497.4 | M27: ='[3]4_'!AG29 -> 341.4 | N27: ='[3]4_'!AH29 -> 357 | O27: ='[3]4_'!AI29 -> 239.4 | P27: ='[3]4_'!AJ29 -> 250 | ... U27: ='[3]4_'!AO29 -> 280
B28: İri buynuzlu mal-qara | C28: min baş | D28: 2703.3 | E28: 2697.5 | F28: 2708.3 | G28: 2698.5 | H28: 2673 | I28: ='[3]4_'!AC30 -> 2658.8 | J28: ='[3]4_'!AD30 -> 2646.6 | K28: ='[3]4_'!AE30 -> 2650.7 | L28: ='[3]4_'!AF30 -> 2648.8 | M28: ='[3]4_'!AG30 -> 2618.1 | N28: ='[3]4_'!AH30 -> 2507.7 | O28: ='[3]4_'!AI30 -> 2465.622 | P28: ='[3]4_'!AJ30 -> 2482.3 | ... U28: ='[3]4_'!AO30 -> 2537.9282
B29: İnək-camış | C29: min baş | D29: 1301.6 | E29: 1299.2 | F29: 1303 | G29: 1299 | H29: 1285.8 | I29: ='[3]4_'!AC31 -> 1279.1 | J29: ='[3]4_'!AD31 -> 1278.2 | K29: ='[3]4_'!AE31 -> 1280.5 | L29: ='[3]4_'!AF31 -> 1288 | M29: ='[3]4_'!AG31 -> 1288.8 | N29: ='[3]4_'!AH31 -> 1235.1 | O29: ='[3]4_'!AI31 -> 1224.201 | P29: ='[3]4_'!AJ31 -> 1232.605 | ... U29: ='[3]4_'!AO31 -> 1250.1269
B30: Qoyun və keçilər | C30: min baş | D30: 8630.5 | E30: 8645.4 | F30: 8677.1 | G30: 8614.8 | H30: 8454.3 | I30: ='[3]4_'!AC32 -> 8304.1 | J30: ='[3]4_'!AD32 -> 8189.2 | K30: ='[3]4_'!AE32 -> 8089.65 | L30: ='[3]4_'!AF32 -> 7899.7 | M30: ='[3]4_'!AG32 -> 7751.7 | N30: ='[3]4_'!AH32 -> 7060.6 | O30: ='[3]4_'!AI32 -> 6896.52 | P30: ='[3]4_'!AJ32 -> 6904 | ... U30: ='[3]4_'!AO32 -> 6931.0716
B31: Donuzlar | C31: min baş | D31: 6.7 | E31: 6.1 | F31: 5.2 | G31: 4.4 | H31: 4.9 | I31: ='[3]4_'!AC33 -> 5.5 | J31: ='[3]4_'!AD33 -> 5.7 | K31: ='[3]4_'!AE33 -> 5.9 | L31: ='[3]4_'!AF33 -> 6 | M31: ='[3]4_'!AG33 -> 5.1 | N31: ='[3]4_'!AH33 -> 4.8 | O31: ='[3]4_'!AI33 -> 3.1 | P31: ='[3]4_'!AJ33 -> 3.1138605 | ... U31: ='[3]4_'!AO33 -> 3.6602897
B32: Quş | C32: mln baş | D32: 25.1727 | E32: 28.8517 | F32: 27.5594 | G32: 28.0095 | H32: 30.4734 | I32: ='[3]4_'!AC34 -> 30.4984 | J32: ='[3]4_'!AD34 -> 32.2302 | K32: ='[3]4_'!AE34 -> 30.175812 | L32: ='[3]4_'!AF34 -> 29.6 | M32: ='[3]4_'!AG34 -> 29.7949 | N32: ='[3]4_'!AH34 -> 28.6983 | O32: ='[3]4_'!AI34 -> 29.3 | P32: ='[3]4_'!AJ34 -> 29.38 | ... U32: ='[3]4_'!AO34 -> 29.6
A33: 2. | B33: Mədənçıxarma sənayesi
A34: 2.1. | B34: Xam neft və təbii qaz hasilatı
B35: Neft hasilatı | C35: min ton | D35: 43016.643 | E35: 42056.057 | F35: 41644.02 | G35: 41205.102 | H35: 38755.992 | I35: ='[4]O&G'!AC6 -> 38814.28 | J35: ='[4]O&G'!AD6 -> 37453.7 | K35: ='[4]O&G'!AE6 -> 34532.02 | L35: ='[4]O&G'!AF6 -> 34580.32 | M35: ='[4]O&G'!AG6 -> 32646.4 | N35: ='[4]O&G'!AH6 -> 30147.4 | O35: ='[4]O&G'!AI6 -> 29052.201 | P35: ='[4]O&G'!AJ6 -> 28453.311 | ... U35: ='[4]O&G'!AO6 -> 27282.868
B36: Qaz hasilatı | C36: mln m3 | D36: 29420.1 | E36: 29500.086 | F36: 29175.1 | G36: 29331.4 | H36: 28597.9 | I36: ='[4]O&G'!AC29 -> 30490.32 | J36: ='[4]O&G'!AD29 -> 35616.51 | K36: ='[4]O&G'!AE29 -> 37140.9 | L36: ='[4]O&G'!AF29 -> 43867.39 | M36: ='[4]O&G'!AG29 -> 46737.1 | N36: ='[4]O&G'!AH29 -> 48497.2 | O36: ='[4]O&G'!AI29 -> 50339.395 | P36: ='[4]O&G'!AJ29 -> 50386.595 | ... U36: ='[4]O&G'!AO29 -> 48054.081
B37: əmtəəlik qaz | C37: mln m3 | D37: 17895.1 | E37: 18826.5 | F37: 19236.1 | G37: 18717.6 | H37: 18186 | I37: ='[4]O&G'!AC47 -> 19194.31 | J37: ='[4]O&G'!AD47 -> 24481.3 | K37: ='[4]O&G'!AE47 -> 26455.03 | L37: ='[4]O&G'!AF47 -> 32578.34 | M37: ='[4]O&G'!AG47 -> 34955.5 | N37: ='[4]O&G'!AH47 -> 36414.4 | O37: ='[4]O&G'!AI47 -> 38608.1 | P37: ='[4]O&G'!AJ47 -> 38644.051 | ... U37: ='[4]O&G'!AO47 -> 36528.806
A38: 2.2. | B38: Metal filizlərinin hasilatı
B39: Qızıl filizləri və konsentratları | C39: kq | D39: 1619.3 | E39: 1873 | F39: 2229.2 | G39: 1895.3 | H39: 3667.1 | I39: ='[5]2.2 VAR'!R18 -> 0.2233 | J39: ='[5]2.2 VAR'!S18 -> 0.1849 | K39: ='[5]2.2 VAR'!T15 -> 3566 | L39: ='[5]2.2 VAR'!U15 -> 3348.5 | M39: ='[5]2.2 VAR'!V15 -> 3174.7 | N39: ='[5]2.2 VAR'!W15 -> 2729.3 | O39: ='[5]2.2 VAR'!X15 -> 2660.93 | P39: ='[5]2.2 VAR'!Y15 -> 3052.5899 | Q39: ='[5]2.2 VAR'!Z15 -> 3230.0291 | R39: ='[5]2.2 VAR'!AA15 -> 2653.8222 | ... U39: ='[5]2.2 VAR'!AD15 -> 4177.9531
B40: Mis filizləri | C40: ton | D40: 630.1 | E40: 239.5 | F40: 132.5 | G40: 320.1 | H40: 3428.6 | I40: ='[5]2.2 VAR'!R19 -> 5.6084 | J40: ='[5]2.2 VAR'!S19 -> 4.3532 | K40: ='[5]2.2 VAR'!T17 -> 2714.2613 | L40: ='[5]2.2 VAR'!U17 -> 2677.4269 | M40: ='[5]2.2 VAR'!V17 -> 2503 | N40: ='[5]2.2 VAR'!W17 -> 2136.71 | O40: ='[5]2.2 VAR'!X17 -> 239.89 | P40: ='[5]2.2 VAR'!Y17 -> 8926.9814 | Q40: ='[5]2.2 VAR'!Z17 -> 20872.32 | R40: ='[5]2.2 VAR'!AA17 -> 20872.32 | ... U40: ='[5]2.2 VAR'!AD17 -> 27094.224
A41: 2.3. | B41: Mədənçıxarma sənayesinin digər sahələri
B42: Çınqıl, qırmadaş, xırda çay daşı və çaxmaq daşı | C42: min ton | D42: 2107.5 | E42: 1868.6 | F42: 862.2 | G42: 739.8 | H42: 1238.3 | I42: ='[5]2.3'!R13 -> 201.539 | J42: ='[5]2.3'!S13 -> 203.6114 | K42: ='[5]2.3'!T17 -> 1471.2591 | L42: ='[5]2.3'!U17 -> 2990.5345 | M42: ='[5]2.3'!V17 -> 2314.1052 | N42: ='[5]2.3'!W17 -> 2469.402 | O42: ='[5]2.3'!X17 -> 4057.8321 | P42: ='[5]2.3'!Y17 -> 4423.027 | Q42: ='[5]2.3'!Z17 -> 4423.027 | R42: ='[5]2.3'!AA17 -> 4423.027 | ... U42: ='[5]2.3'!AD17 -> 4423.027
B43: Bentonit | C43: min ton | D43: 97.7 | E43: 81.9 | F43: 56.8 | G43: 49.3 | H43: 235.6 | I43: ='[5]2.3'!#REF! -> #REF! | J43: ='[5]2.3'!#REF! -> #REF! | K43: ='[5]2.3'!T13 -> 146.234 | L43: ='[5]2.3'!U13 -> 170.595 | M43: ='[5]2.3'!V13 -> 170.667 | N43: ='[5]2.3'!W13 -> 123.594 | O43: ='[5]2.3'!X13 -> 250.0445 | P43: ='[5]2.3'!Y13 -> 231.4 | Q43: ='[5]2.3'!Z13 -> 231.4 | R43: ='[5]2.3'!AA13 -> 231.4 | ... U43: ='[5]2.3'!AD13 -> 231.4
B44: İnşaat üçün əhəngdaşı, alebastr | C44: min ton | D44: 443.9 | E44: 662.5 | F44: 491.5 | G44: 233.8 | H44: 585.2 | I44: ='[5]2.3'!R14 -> 270.4545 | J44: ='[5]2.3'!S14 -> 314.2243 | K44: ='[5]2.3'!T14 -> 297.5944 | L44: ='[5]2.3'!U14 -> 417.8922 | M44: ='[5]2.3'!V14 -> 369.5237 | N44: ='[5]2.3'!W14 -> 596.9481 | O44: ='[5]2.3'!X14 -> 566.64095 | P44: ='[5]2.3'!Y14 -> 604.60714 | ... U44: ='[5]2.3'!AD14 -> 604.60714
B45: Tikinti qumu | C45: min ton | D45: 2139 | E45: 1420 | F45: 752.7 | G45: 267.1 | H45: 836.3 | I45: ='[5]2.3'!R15 -> 7.3312 | J45: ='[5]2.3'!S15 -> 28.8885 | K45: ='[5]2.3'!T16 -> 1161.2489 | L45: ='[5]2.3'!U16 -> 1775.5373 | M45: ='[5]2.3'!V16 -> 1276.1639 | N45: ='[5]2.3'!W16 -> 1414.2304 | O45: ='[5]2.3'!X16 -> 1501.6291 | P45: ='[5]2.3'!Y16 -> 1734.4236 | Q45: ='[5]2.3'!Z16 -> 1734.4236 | R45: ='[5]2.3'!AA16 -> 1734.4236 | ... U45: ='[5]2.3'!AD16 -> 1734.4236
A46: 3. | B46: Emal sənayesi
A47: 3.1. | B47: Qida məhsullarının istehsalı
B48: Mal əti | C48: min ton | D48: 117.7 | E48: 119.2 | F48: 126.2 | G48: 127.6 | H48: 129.4 | I48: =#REF! -> #REF! | J48: =#REF! -> #REF! | K48: =#REF! -> #REF! | L48: =#REF! -> #REF! | M48: =#REF! -> #REF! | N48: =#REF! -> #REF! | O48: =#REF! -> #REF! | P48: =#REF! -> #REF! | ... U48: =#REF! -> #REF!
B49: Quş əti | C49: min ton | D49: 85 | E49: 90 | F49: 87.8 | G49: 86.2 | H49: 94.2 | I49: =#REF! -> #REF! | J49: =#REF! -> #REF! | K49: =#REF! -> #REF! | L49: =#REF! -> #REF! | M49: =#REF! -> #REF! | N49: =#REF! -> #REF! | O49: =#REF! -> #REF! | P49: =#REF! -> #REF! | ... U49: =#REF! -> #REF!
B50: Meyvə və tərəvəz şirələri | C50: min dkl | D50: 3602.5 | E50: 3652.4 | F50: 3633.9 | G50: 2133.8 | H50: 435.9 | I50: =#REF! -> #REF! | J50: =#REF! -> #REF! | K50: =#REF! -> #REF! | L50: =#REF! -> #REF! | M50: =#REF! -> #REF! | N50: =#REF! -> #REF! | O50: =#REF! -> #REF! | P50: =#REF! -> #REF! | ... U50: =#REF! -> #REF!
B51: Emal edilmiş duru süd | C51: min ton | D51: 830.2 | E51: 840.1 | F51: 857.4 | G51: 887.6 | H51: 925.3 | I51: =#REF! -> #REF! | J51: =#REF! -> #REF! | K51: =#REF! -> #REF! | L51: =#REF! -> #REF! | M51: =#REF! -> #REF! | N51: =#REF! -> #REF! | O51: =#REF! -> #REF! | P51: =#REF! -> #REF! | ... U51: =#REF! -> #REF!
B52: Qənd-rafinad və şəkər tozu | C52: min ton | D52: 423.1 | E52: 410.6 | F52: 335.6 | G52: 418.7 | H52: 228.4 | I52: =#REF! -> #REF! | J52: =#REF! -> #REF! | K52: =#REF! -> #REF! | L52: =#REF! -> #REF! | M52: =#REF! -> #REF! | N52: =#REF! -> #REF! | O52: =#REF! -> #REF! | P52: =#REF! -> #REF! | ... U52: =#REF! -> #REF!
B53: Kərə yağı | C53: min ton | D53: 21.9 | E53: 23.4 | F53: 23.9 | G53: 25.6 | H53: 25.3 | I53: =#REF! -> #REF! | J53: =#REF! -> #REF! | K53: =#REF! -> #REF! | L53: =#REF! -> #REF! | M53: =#REF! -> #REF! | N53: =#REF! -> #REF! | O53: =#REF! -> #REF! | P53: =#REF! -> #REF! | ... U53: =#REF! -> #REF!
B54: Pendir və kəsmik | C54: min ton | D54: 47.3 | E54: 49.8 | F54: 48.5 | G54: 49.4 | H54: 54 | I54: =#REF! -> #REF! | J54: =#REF! -> #REF! | K54: =#REF! -> #REF! | L54: =#REF! -> #REF! | M54: =#REF! -> #REF! | N54: =#REF! -> #REF! | O54: =#REF! -> #REF! | P54: =#REF! -> #REF! | ... U54: =#REF! -> #REF!
B55: Bitki yağları | C55: min ton | D55: 100.2 | E55: 106.9 | F55: 106.7 | G55: 82.2 | H55: 80.4 | I55: =#REF! -> #REF! | J55: =#REF! -> #REF! | K55: =#REF! -> #REF! | L55: =#REF! -> #REF! | M55: =#REF! -> #REF! | N55: =#REF! -> #REF! | O55: =#REF! -> #REF! | P55: =#REF! -> #REF! | ... U55: =#REF! -> #REF!
B56: Un | C56: min ton | D56: 1438 | E56: 1476 | F56: 1507 | G56: 1582.3 | H56: 1601.3 | I56: =#REF! -> #REF! | J56: =#REF! -> #REF! | K56: =#REF! -> #REF! | L56: =#REF! -> #REF! | M56: =#REF! -> #REF! | N56: =#REF! -> #REF! | O56: =#REF! -> #REF! | P56: =#REF! -> #REF! | ... U56: =#REF! -> #REF!
B57: Çörək və çörək-bulka məmulatları | C57: min ton | D57: 741.8 | E57: 745.6 | F57: 754.8 | G57: 762 | H57: 1223 | I57: =#REF! -> #REF! | J57: =#REF! -> #REF! | K57: =#REF! -> #REF! | L57: =#REF! -> #REF! | M57: =#REF! -> #REF! | N57: =#REF! -> #REF! | O57: =#REF! -> #REF! | P57: =#REF! -> #REF! | ... U57: =#REF! -> #REF!
B58: Xörək duzu | C58: min ton | D58: 27.5 | E58: 32 | F58: 36.3 | G58: 60.6 | H58: 63.6187 | I58: =#REF! -> #REF! | J58: =#REF! -> #REF! | K58: =#REF! -> #REF! | L58: =#REF! -> #REF! | M58: =#REF! -> #REF! | N58: =#REF! -> #REF! | O58: =#REF! -> #REF! | P58: =#REF! -> #REF! | ... U58: =#REF! -> #REF!
A59: 3.2. | B59: İçki istehsalı
B60: Şampan şərabı | C60: min dkl | D60: 16.3 | E60: 9.2 | F60: 4.5 | G60: 3 | H60: 1.2 | I60: ='[5]3.2. VAR'!R21 -> 23757.4 | J60: ='[5]3.2. VAR'!S21 -> 26812.7 | K60: ='[5]3.2. VAR'!T34 -> 0.4 | L60: ='[5]3.2. VAR'!U34 -> 0.6 | M60: ='[5]3.2. VAR'!V34 -> 1.1 | N60: ='[5]3.2. VAR'!W34 -> 29.4 | O60: ='[5]3.2. VAR'!X34 -> 48.6 | P60: ='[5]3.2. VAR'!Y34 -> 3 | Q60: ='[5]3.2. VAR'!Z34 -> 3.2 | R60: ='[5]3.2. VAR'!AA34 -> 3.4 | ... U60: ='[5]3.2. VAR'!AD34 -> 2.75
B61: Tündlüyü 45.4% və daha az olan araq | C61: min dkl | D61: 844.9 | E61: 668 | F61: 770.7 | G61: 571.2 | H61: 549.2 | I61: ='[5]3.2. VAR'!R22 -> 873.9 | J61: ='[5]3.2. VAR'!S22 -> 1046.8 | K61: ='[5]3.2. VAR'!T24 -> 1716.6 | L61: ='[5]3.2. VAR'!U24 -> 1782.2 | M61: ='[5]3.2. VAR'!V24 -> 1606.3 | N61: ='[5]3.2. VAR'!W24 -> 1438.7 | O61: ='[5]3.2. VAR'!X24 -> 1504.4 | P61: ='[5]3.2. VAR'!Y24 -> 1616.5729 | Q61: ='[5]3.2. VAR'!Z24 -> 1680.0032 | R61: ='[5]3.2. VAR'!AA24 -> 1722.4026 | ... U61: ='[5]3.2. VAR'!AD24 -> 1828.2016
B62: Üzüm şərabı və təzə üzümdən köpüklənən şərab | C62: min dkl | D62: 835.5 | E62: 1003 | F62: 1035 | G62: 990.8 | H62: 1130.5 | I62: ='[5]3.2. VAR'!R23 -> 677 | J62: ='[5]3.2. VAR'!S23 -> 745 | K62: ='[5]3.2. VAR'!T29+'[5]3.2. VAR'!T30+'[5]3.2. VAR'!T31+'[5]3.2. VAR'!T32+'[5]3.2. VAR'!T33 -> 1267.2 | L62: ='[5]3.2. VAR'!U29+'[5]3.2. VAR'!U30+'[5]3.2. VAR'!U31+'[5]3.2. VAR'!U32+'[5]3.2. VAR'!U33 -> 1317.3 | M62: ='[5]3.2. VAR'!V29+'[5]3.2. VAR'!V30+'[5]3.2. VAR'!V31+'[5]3.2. VAR'!V32+'[5]3.2. VAR'!V33 -> 1136.2 | N62: ='[5]3.2. VAR'!W29+'[5]3.2. VAR'!W30+'[5]3.2. VAR'!W31+'[5]3.2. VAR'!W32+'[5]3.2. VAR'!W33 -> 1066.1 | O62: ='[5]3.2. VAR'!X29+'[5]3.2. VAR'!X30+'[5]3.2. VAR'!X31+'[5]3.2. VAR'!X32+'[5]3.2. VAR'!X33 -> 907 | P62: ='[5]3.2. VAR'!Y29+'[5]3.2. VAR'!Y30+'[5]3.2. VAR'!Y31+'[5]3.2. VAR'!Y32+'[5]3.2. VAR'!Y33 -> 836.84532 | Q62: ='[5]3.2. VAR'!Z29+'[5]3.2. VAR'!Z30+'[5]3.2. VAR'!Z31+'[5]3.2. VAR'!Z32+'[5]3.2. VAR'!Z33 -> 840.43689 | R62: ='[5]3.2. VAR'!AA29+'[5]3.2. VAR'!AA30+'[5]3.2. VAR'!AA31+'[5]3.2. VAR'!AA32+'[5]3.2. VAR'!AA33 -> 864.90005 | ... U62: ='[5]3.2. VAR'!AD29+'[5]3.2. VAR'!AD30+'[5]3.2. VAR'!AD31+'[5]3.2. VAR'!AD32+'[5]3.2. VAR'!AD33 -> 1024.6203
B63: Səməni pivəsi | C63: min dkl | D63: 5215 | E63: 5149 | F63: 4197 | G63: 3262.6 | H63: 4100 | I63: ='[5]3.2. VAR'!#REF! -> #REF! | J63: ='[5]3.2. VAR'!#REF! -> #REF! | K63: ='[5]3.2. VAR'!T27 -> 5446.3 | L63: ='[5]3.2. VAR'!U27 -> 4671.4 | M63: ='[5]3.2. VAR'!V27 -> 4671.8 | N63: ='[5]3.2. VAR'!W27 -> 5171.6 | O63: ='[5]3.2. VAR'!X27 -> 5312.9 | P63: ='[5]3.2. VAR'!Y27 -> 5414.992 | Q63: ='[5]3.2. VAR'!Z27 -> 5520.084 | R63: ='[5]3.2. VAR'!AA27 -> 5700.9313 | ... U63: ='[5]3.2. VAR'!AD27 -> 5875.3599
B64: Viski, konyak | C64: min dkl | D64: 132.5 | E64: 134.2 | F64: 3.8 | G64: 15 | H64: 6.3 | I64: ='[5]3.2. VAR'!#REF! -> #REF! | J64: ='[5]3.2. VAR'!#REF! -> #REF! | K64: ='[5]3.2. VAR'!T26 -> 50.3 | L64: ='[5]3.2. VAR'!U26 -> 33.5 | M64: ='[5]3.2. VAR'!V26 -> 95.9 | N64: ='[5]3.2. VAR'!W26 -> 331.9 | O64: ='[5]3.2. VAR'!X26 -> 758.6 | P64: ='[5]3.2. VAR'!Y26 -> 853.73999 | Q64: ='[5]3.2. VAR'!Z26 -> 871.18345 | R64: ='[5]3.2. VAR'!AA26 -> 874.14913 | ... U64: ='[5]3.2. VAR'!AD26 -> 929.31052
B65: Alkoqolsuz içkilər | C65: min dkl | D65: 26658 | E65: 28269 | F65: 24885 | G65: 17853.3 | H65: 18290 | I65: ='[5]3.2. VAR'!R24 -> 858.9 | J65: ='[5]3.2. VAR'!S24 -> 2213.7 | K65: ='[5]3.2. VAR'!T21 -> 26212.3 | L65: ='[5]3.2. VAR'!U21 -> 35283.9 | M65: ='[5]3.2. VAR'!V21 -> 37822.01 | N65: ='[5]3.2. VAR'!W21 -> 42539.6 | O65: ='[5]3.2. VAR'!X21 -> 49863.8 | P65: ='[5]3.2. VAR'!Y21 -> 52146.007 | Q65: ='[5]3.2. VAR'!Z21 -> 54240.188 | R65: ='[5]3.2. VAR'!AA21 -> 56091.994 | ... U65: ='[5]3.2. VAR'!AD21 -> 53022.072
A66: 3.3. | B66: Tütün məmulatlarının istehsalı
B67: Sənayedə emal olunmuş tütün, tütün ekstraktları və essensiyaları, digər qruplara daxil edilməyən homogenləşdirilmiş və ya bərpa edilmiş tütün | C67: ton | D67: 2112 | E67: 2430 | F67: 1692 | G67: 1946.9 | H67: 3415.6 | I67: ='[5]3.3.'!R9 -> 3501.7 | J67: ='[5]3.3.'!S9 -> 4621.2 | K67: ='[5]3.3.'!T9 -> 4154 | L67: ='[5]3.3.'!U9 -> 4079 | M67: ='[5]3.3.'!V9 -> 3889.6 | N67: ='[5]3.3.'!W9 -> 1967.3 | O67: ='[5]3.3.'!X9 -> 3804.9 | P67: ='[5]3.3.'!Y9 -> 4402.8547 | ... U67: ='[5]3.3.'!AD9 -> 3943.9252
B68: Tərkibində tütün və ya tütün qarışıqları və onun əvəzediciləri olan siqarlar* | C68: mln. ədəd | D68: 1009 | E68: 2013 | F68: 1979 | G68: 1655.5 | H68: 1241.4 | I68: ='[5]3.3.'!R10 -> 4949.7 | J68: ='[5]3.3.'!S10 -> 9528.8225 | K68: ='[5]3.3.'!T10 -> 11208.1 | L68: ='[5]3.3.'!U10 -> 15302 | M68: ='[5]3.3.'!V10 -> 13299.19 | N68: ='[5]3.3.'!W10 -> 16010.86 | O68: ='[5]3.3.'!X10 -> 15192.27 | P68: ='[5]3.3.'!Y10 -> 15896.957 | ... U68: ='[5]3.3.'!AD10 -> 17877.139
A69: 3.4. | B69: Toxuculuq sənayesi
B70: Kardo və daraqla daranmış pambıq lifi | C70: min ton | D70: 12.1 | E70: 13.5 | F70: 6.6 | G70: 17.1 | H70: 37.9 | I70: 61 | J70: 79.3 | K70: 87.23 | L70: 102.9314 | M70: 123.51768 | N70: 137.10462 | O70: 137.10462 | P70: 137.10462 | Q70: 137.10462 | R70: 137.10462 | S70: 137.10462 | T70: 137.10462 | U70: 137.10462
B71: Pərakəndə satış üçün qablaşdırılmış pambıq iplik (tikiş üçün saplardan başqa) | C71: ton | D71: 9554.4 | E71: 8804.6 | F71: 6337.2 | G71: 13572.7 | H71: 10825.7 | I71: 18598.5 | J71: 26037.9 | K71: 27860.553 | L71: 30646.608 | M71: 33711.269 | N71: 36071.058 | O71: 36071.058 | P71: 36071.058 | Q71: 36071.058 | R71: 36071.058 | S71: 36071.058 | T71: 36071.058 | U71: 36071.058
B72: Düyünlərlə toxunan xalçalar | C72: min m2 | D72: 2 | E72: 1.6 | F72: 0.4 | G72: 0.2 | H72: 0.4 | I72: 2.4 | J72: 3.9 | K72: 5.52 | L72: 8.544 | M72: 14.4192 | N72: 30.28224 | O72: 30.28224 | P72: 30.28224 | Q72: 30.28224 | R72: 30.28224 | S72: 30.28224 | T72: 30.28224 | U72: 30.28224
A73: 3.5. | B73: Geyim istehsalı
B74: Kişi və ya oğlanlar üçün trikotaj kostyum və komplektlər | C74: min ədəd | D74: 90.1 | E74: 34.1 | F74: 43.2 | G74: 134.7 | H74: 18.3 | I74: 30.4 | J74: 32.528 | K74: 37.4072 | L74: 44.140496 | M74: 52.968595 | N74: 66.210744 | O74: 66.210744 | P74: 66.210744 | Q74: 66.210744 | R74: 66.210744 | S74: 66.210744 | T74: 66.210744 | U74: 66.210744
B75: Kişi və ya oğlanlar üçün kostyumlar | C75: min ədəd | D75: 293.3 | E75: 293.2 | F75: 232.6 | G75: 397.2 | H75: 344 | I75: 242 | J75: 258.298 | K75: 289.29376 | L75: 329.79489 | M75: 382.56207 | N75: 455.24886 | O75: 455.24886 | P75: 455.24886 | Q75: 455.24886 | R75: 455.24886 | S75: 455.24886 | T75: 455.24886 | U75: 455.24886
B76: Kişi və oğlanlar üçün kalsonlar və tumanlar | C76: min ədəd | D76: 650 | E76: 309.4 | F76: 235 | G76: 214.1 | H76: 361.7 | I76: 213.3 | J76: 228.231 | K76: 248.77179 | L76: 271.16125 | M76: 295.56576 | N76: 325.12234 | O76: 325.12234 | P76: 325.12234 | Q76: 325.12234 | R76: 325.12234 | S76: 325.12234 | T76: 325.12234 | U76: 325.12234
B77: İpəkdən və ipək tullantılarından hazırlanan şallar, şərflər, kaşnelər, mantilyalar, duvaqlar | C77: min ədəd | D77: 109.1 | E77: 208.1 | F77: 87.7 | G77: 63.2 | H77: 23.3 | I77: 15.3 | J77: 18.36 | K77: 22.95 | L77: 30.9825 | M77: 44.924625 | N77: 58.402013 | O77: 58.402013 | P77: 58.402013 | Q77: 58.402013 | R77: 58.402013 | S77: 58.402013 | T77: 58.402013 | U77: 58.402013
B78: Kolqotlar, reytuzlar, corablar | C78: min cüt | D78: 4499.3 | E78: 1663 | F78: 3739.3 | G78: 1735.7 | H78: 1990.8 | I78: 2367.8 | J78: 2462.512 | K78: 2585.6376 | L78: 2740.7759 | M78: 3014.8534 | N78: 3225.8932 | O78: 3225.8932 | P78: 3225.8932 | Q78: 3225.8932 | R78: 3225.8932 | S78: 3225.8932 | T78: 3225.8932 | U78: 3225.8932
B79: Kişi və ya oğlanlar üçün pambıqdan və ya kimyəvi liflərdən hazırlanan istehsalat və ya peşə komplektləri | C79: min ədəd | D79: 36.3 | E79: 49.7 | F79: 64.5 | G79: 71 | H79: 180.3 | I79: 335.6 | J79: 425 | K79: 433.5 | L79: 442.17 | M79: 451.0134 | N79: 460.03367 | O79: 460.03367 | P79: 460.03367 | Q79: 460.03367 | R79: 460.03367 | S79: 460.03367 | T79: 460.03367 | U79: 460.03367
B80: Kişi və ya oğlanlar üçün paltolar, gödəkçələr, plaşlar və oxşar məmulatlar | C80: min ədəd | D80: 138 | E80: 127.2 | F80: 86.6 | G80: 272.7 | H80: 162.7 | I80: 91.5 | J80: 93.72 | K80: 107.778 | L80: 129.3336 | M80: 161.667 | N80: 177.8337 | O80: 177.8337 | P80: 177.8337 | Q80: 177.8337 | R80: 177.8337 | S80: 177.8337 | T80: 177.8337 | U80: 177.8337
B81: Qadın və ya qızlar üçün donlar | C81: min ədəd | D81: 47.4 | E81: 12.5 | F81: 15.4 | G81: 24.2 | H81: 13.1 | I81: 7.7 | J81: 8.5 | K81: 9.3 | L81: 10.08 | M81: 14.4 | N81: 17.25696 | O81: 17.25696 | P81: 17.25696 | Q81: 17.25696 | R81: 17.25696 | S81: 17.25696 | T81: 17.25696 | U81: 17.25696
B82: Kişi və ya oğlanlar üçün köynəklər, alt köynəkləri | C82: min ədəd | D82: 57.3 | E82: 106.4 | F82: 90.2 | G82: 94.1 | H82: 182.8 | I82: 153 | J82: 163.175 | K82: 187.65125 | L82: 197.03381 | M82: 204.91517 | N82: 211.06262 | O82: 211.06262 | P82: 211.06262 | Q82: 211.06262 | R82: 211.06262 | S82: 211.06262 | T82: 211.06262 | U82: 211.06262
A83: 3.6. | B83: Dəri və dəri məmulatlarının, ayaqqabıların istehsalı
B84: Laklı dəri və saxta laklı təbii dəri: metallaşdırılmış dəri | C84: min kv.m | D84: 865.6 | E84: 1205.2 | F84: 841.9 | G84: 214.7 | H84: 32.1 | I84: 53.9 | J84: 64.62 | K84: 96.78 | L84: 128.94 | M84: 161.1 | N84: 214.7 | O84: 214.7 | P84: 214.7 | Q84: 214.7 | R84: 214.7 | S84: 214.7 | T84: 214.7 | U84: 214.7
B85: Ayaqqabı üçün dəri | C85: ton | D85: 4085.9 | E85: 698.9 | F85: 702.2 | G85: 194 | H85: 155.3 | I85: 36 | J85: 43.953333 | K85: 67.813333 | L85: 91.673333 | M85: 115.53333 | N85: 155.3 | O85: 155.3 | P85: 155.3 | Q85: 155.3 | R85: 155.3 | S85: 155.3 | T85: 155.3 | U85: 155.3
B86: Üstü dəridən olan kişi küçə ayaqqabısı | C86: min cüt | D86: 316.1 | E86: 90.6 | F86: 84 | G86: 107.5 | H86: 144.4 | I86: 177.3 | J86: 186.55333 | K86: 232.82 | L86: 316.1 | M86: 413.25 | N86: 510.4 | O86: 510.4 | P86: 510.4 | Q86: 510.4 | R86: 510.4 | S86: 510.4 | T86: 510.4 | U86: 510.4
A87: 3.7. | B87: Ağac emalı və ağacdan məmulatların istehsalı
B88: Sair taxta lövhə parket | C88: min kv.m | D88: 16.9 | E88: 22.1 | F88: 15.9 | G88: 10.3 | H88: 25.3 | I88: 31 | J88: 25.83 | K88: 26.3466 | L88: 26.873532 | M88: 27.411003 | N88: 27.685113 | O88: 27.685113 | P88: 27.685113 | Q88: 27.685113 | R88: 27.685113 | S88: 27.685113 | T88: 27.685113 | U88: 27.685113
B89: Taxta qapı blokları (qapı çərçivələri və tayları), qapı kandarları | C89: ədəd | D89: 41941 | E89: 58403 | F89: 22751 | G89: 4542 | H89: 9825 | I89: 5808 | J89: 6970 | K89: 7483 | L89: 8330 | M89: 9954 | N89: 11172 | O89: 11172 | P89: 11172 | Q89: 11172 | R89: 11172 | S89: 11172 | T89: 11172 | U89: 11172
A90: 3.8. | B90: Kağız və karton istehsalı
B91: Deşilmiş və ya deşilməmiş büzmələnmiş kağız və karton | C91: ton | D91: 6631.6 | E91: 7603.5 | F91: 6507.8 | G91: 7803.1 | H91: 8418.3 | I91: 9077.7 | J91: 11836 | K91: 12073 | L91: 12315 | M91: 12561 | N91: 12812 | O91: 12812 | P91: 12812 | Q91: 12812 | R91: 12812 | S91: 12812 | T91: 12812 | U91: 12812
B92: Kağız əl dəsmalları | C92: ton | D92: 800.7 | E92: 798.1 | F92: 5404.5 | G92: 4197.6 | H92: 4482.5 | I92: 3717.8 | J92: 3903.69 | K92: 4294.059 | L92: 4723.4649 | M92: 5195.8114 | N92: 5871.2669 | O92: 5871.2669 | P92: 5871.2669 | Q92: 5871.2669 | R92: 5871.2669 | S92: 5871.2669 | T92: 5871.2669 | U92: 5871.2669
A93: 3.9. | B93: Poliqrafiya fəaliyyəti
B94: Sadə tipli çap materiallarından başqa sair çap materialları | C94: min ədəd | D94: 132014.3 | E94: 118301.8 | F94: 95405.7 | G94: 72100 | H94: 70544.9 | I94: 48404.4 | J94: 54212.928 | K94: 61260.609 | L94: 67386.67 | M94: 76820.803 | N94: 80661.843 | O94: 80661.843 | P94: 80661.843 | Q94: 80661.843 | R94: 80661.843 | S94: 80661.843 | T94: 80661.843 | U94: 80661.843
B95: Kitab və kitabçaların, uşaqlar üçün kitab-şəkillərin və ya şəkil çəkmək üçün kitabların çap edilməsi | C95: min ədəd | D95: 58956.6 | E95: 27309.9 | F95: 8633.3 | G95: 7900 | H95: 7060.9 | I95: 1841 | J95: 1960 | K95: 2646 | L95: 3572.1 | M95: 4643.73 | N95: 5572.476 | O95: 5572.476 | P95: 5572.476 | Q95: 5572.476 | R95: 5572.476 | S95: 5572.476 | T95: 5572.476 | U95: 5572.476
A96: 3.10. | B96: Neft məhsullarının istehsalı
B97: Neft məhsullarının istehsalı-cəmi | C97: min ton | D97: 6126.8 | E97: 6923.1 | F97: 6835.1 | G97: 5547.9 | H97: 5266 | I97: =[4]OILPROC!AD7 -> 5543.7525 | J97: =[4]OILPROC!AE7 -> 5660.764 | K97: =[4]OILPROC!AF7 -> 5414.1 | L97: =[4]OILPROC!AG7 -> 6220.59 | M97: =[4]OILPROC!AH7 -> 5810.3 | N97: =[4]OILPROC!AI7 -> 5996.637 | O97: =[4]OILPROC!AJ7 -> 5331.792 | P97: =[4]OILPROC!AK7 -> 5944.858 | ... U97: =[4]OILPROC!AP7 -> 6093.045
B98: Avtobenzinlər | C98: min ton | D98: 1407.1 | E98: 1238.3 | F98: 1223.9 | G98: 1139.6 | H98: 1215.2 | I98: =[4]OILPROC!AD8 -> 1185.6 | J98: =[4]OILPROC!AE8 -> 1161.4 | K98: =[4]OILPROC!AF8 -> 1166.76 | L98: =[4]OILPROC!AG8 -> 1265.52 | M98: =[4]OILPROC!AH8 -> 1282.75 | N98: =[4]OILPROC!AI8 -> 1464.35 | O98: =[4]OILPROC!AJ8 -> 1248.452 | P98: =[4]OILPROC!AK8 -> 1468.409 | ... U98: =[4]OILPROC!AP8 -> 1588.863
B99: Hidrotəmizlənmiş benzin | C99: min ton | D99: 107.4 | E99: 204 | F99: 195.3 | G99: 173.6 | H99: 168.4 | I99: =[4]OILPROC!AD9 -> 204.6 | J99: =[4]OILPROC!AE9 -> 246.8 | K99: =[4]OILPROC!AF9 -> 217.06 | L99: =[4]OILPROC!AG9 -> 377.76 | M99: =[4]OILPROC!AH9 -> 275.56 | N99: =[4]OILPROC!AI9 -> 267.727 | O99: =[4]OILPROC!AJ9 -> 191.272 | P99: =[4]OILPROC!AK9 -> 167.216 | ... U99: =[4]OILPROC!AP9 -> 160.6
B100: Dizel yanacağı | C100: min ton | D100: 2495.4 | E100: 2946.2 | F100: 2803.7 | G100: 1881.9 | H100: 1849.2 | I100: =[4]OILPROC!AD10 -> 1921.8 | J100: =[4]OILPROC!AE10 -> 2080.21 | K100: =[4]OILPROC!AF10 -> 2032.32 | L100: =[4]OILPROC!AG10 -> 2395.84 | M100: =[4]OILPROC!AH10 -> 2040.06 | N100: =[4]OILPROC!AI10 -> 2311.38 | O100: =[4]OILPROC!AJ10 -> 2060.585 | P100: =[4]OILPROC!AK10 -> 2446.536 | ... U100: =[4]OILPROC!AP10 -> 2529.288
...

Sheet 2.4.1.5.-7.
A1: Neftin dünya bazarında qiyməti
A2: № | B2: Göstəricilər | C2: Ölçü vahidi | D2: Hesabat | P2: Proqnoz
D3: =E3-1 -> 2013 | E3: =F3-1 -> 2014 | F3: =G3-1 -> 2015 | G3: =H3-1 -> 2016 | H3: =I3-1 -> 2017 | I3: =J3-1 -> 2018 | J3: =K3-1 -> 2019 | K3: =L3-1 -> 2020 | L3: =M3-1 -> 2021 | M3: 2022 | N3: 2023 | O3: 2024 | P3: 2025 | Q3: 2026 | R3: 2027 | S3: 2028 | T3: 2029 | U3: 2030
B4: Neftin qiyməti | C4: USD/ barel | D4: 104.94 | E4: 94.76 | F4: 52.292257 | G4: 43.477243 | H4: 55.174566 | I4: =[1]IN!AC5 -> 71.530797 | J4: =[1]IN!AD5 -> 64.03 | K4: =[1]IN!AE5 -> 42.3 | L4: =[1]IN!AF5 -> 70.44 | M4: =[1]IN!AG5 -> 99.82 | N4: =[1]IN!AH5 -> 82.62 | O4: =[1]IN!AI5 -> 80.7 | P4: =[1]IN!AJ5 -> 70 | ... U4: =[1]IN!AO5 -> 65
A7: Əsas kapitala daxili və xarici investisiyalar (strukturu və real artım sürətləri)
A8: № | B8: Göstəricilər | C8: Ölçü vahidi | D8: Hesabat | P8: Proqnoz
D9: =D3 -> 2013 | E9: =E3 -> 2014 | F9: =F3 -> 2015 | G9: =G3 -> 2016 | H9: =H3 -> 2017 | I9: =I3 -> 2018 | J9: =J3 -> 2019 | K9: =K3 -> 2020 | ... P9: =P3 -> 2025 | Q9: 2026 | R9: 2027 | S9: 2028 | T9: 2029 | U9: 2030
A10: 1. | B10: Əsas kapitala cəmi investisiyalar | C10: mln AZN | D10: 17850.8 | E10: 17618.6 | F10: 15957.028 | G10: 15772.808 | H10: 17430.3 | I10: =[1]Investisiya!AC5 -> 17244.863 | J10: =[1]Investisiya!AD5 -> 18539.477 | K10: =[1]Investisiya!AE5 -> 17226.14 | L10: =[1]Investisiya!AF5 -> 16815.49 | M10: =[1]Investisiya!AG5 -> 17878.15 | N10: =[1]Investisiya!AH5 -> 21310.7 | O10: =[1]Investisiya!AI5 -> 22106.3 | P10: =[1]Investisiya!AJ5 -> 22318.577 | ... U10: =[1]Investisiya!AO5 -> 26850.745
B11: real artım tempi | C11: % | D11: 15.1 | E11: -1.7015574 | F11: -11.11861 | G11: -21.73675 | H11: 2.8496149 | I11: =[1]Investisiya!AC6 -> -4.3 | J11: =[1]Investisiya!AD6 -> 5.5 | K11: =[1]Investisiya!AE6 -> -7.2803546 | L11: =[1]Investisiya!AF6 -> -4.5146375 | M11: =[1]Investisiya!AG6 -> 3.3436922 | N11: =[1]Investisiya!AH6 -> 15.183715 | O11: =[1]Investisiya!AI6 -> 2.4035326 | P11: =[1]Investisiya!AJ6 -> -0.59053244 | ... U11: =[1]Investisiya!AO6 -> -6.2716873
A12: 2. | B12: Daxili/Xarici
A13: 2.1. | B13: Daxili investisiya | C13: mln AZN | D13: 13178.9 | E13: 12715 | F13: 9058.5147 | G13: 6490.3 | H13: 8765.2 | I13: =[1]Investisiya!AC8 -> 11874.855 | J13: =[1]Investisiya!AD8 -> 12867.068 | K13: =[1]Investisiya!AE8 -> 12070.84 | L13: =[1]Investisiya!AF8 -> 12561.9 | M13: =[1]Investisiya!AG8 -> 14255.85 | N13: =[1]Investisiya!AH8 -> 17409.7 | O13: =[1]Investisiya!AI8 -> 18774.7 | P13: =[1]Investisiya!AJ8 -> 17205.432 | ... U13: =[1]Investisiya!AO8 -> 21565.088
B14: real artım tempi | C14: % | D14: 7.8 | E14: -3.9 | F14: -30.1 | G14: -29.95 | H14: 26.09 | I14: =[1]Investisiya!AC9 -> 31 | J14: =[1]Investisiya!AD9 -> 6.3 | K14: =[1]Investisiya!AE9 -> -6.39 | L14: =[1]Investisiya!AF9 -> 1.8 | M14: =[1]Investisiya!AG9 -> 10.3 | N14: =[1]Investisiya!AH9 -> 18 | O14: =[1]Investisiya!AI9 -> 6.46 | P14: =[1]Investisiya!AJ9 -> -9.7660676 | ... U14: =[1]Investisiya!AO9 -> -2.59553
B15: Cəmi investisiyalarda xüsusi çəkisi | C15: % | K15: =K13/K10*100 -> 70.072808 | L15: =L13/L10*100 -> 74.704335 | M15: =M13/M10*100 -> 79.738955 | N15: =N13/N10*100 -> 81.694642 | O15: =O13/O10*100 -> 84.929183 | P15: =P13/P10*100 -> 77.090184 | Q15: =Q13/Q10*100 -> 75.119453 | R15: =R13/R10*100 -> 75.018409 | ... U15: =U13/U10*100 -> 80.314675
A16: 2.2. | B16: Xarici investisiya | C16: mln AZN | D16: 4671.9 | E16: 4903.6 | F16: 6898.5135 | G16: 9282.5 | H16: 8665.1 | I16: =[1]Investisiya!AC10 -> 5370.0083 | J16: =[1]Investisiya!AD10 -> 5672.4086 | K16: =[1]Investisiya!AE10 -> 5155.3 | L16: =[1]Investisiya!AF10 -> 4253.59 | M16: =[1]Investisiya!AG10 -> 3622.3 | N16: =[1]Investisiya!AH10 -> 3901 | O16: =[1]Investisiya!AI10 -> 3331.6 | P16: =[1]Investisiya!AJ10 -> 5113.1449 | ... U16: =[1]Investisiya!AO10 -> 5285.6565
B17: real artım tempi | C17: % | D17: 42.4 | E17: 4.5 | F17: 38.1 | G17: -13.45 | H17: -13.4 | I17: =[1]Investisiya!AC11 -> -40.1 | J17: =[1]Investisiya!AD11 -> 3.7 | K17: =[1]Investisiya!AE11 -> -9.3 | L17: =[1]Investisiya!AF11 -> -19.3 | M17: =[1]Investisiya!AG11 -> -17.2 | N17: =[1]Investisiya!AH11 -> 4.1 | O17: =[1]Investisiya!AI11 -> -15.7 | P17: =[1]Investisiya!AJ11 -> 51.116731 | ... U17: =[1]Investisiya!AO11 -> -18.778297
A18: 3. | B18: Neft/Qeyri neft-qaz
A19: 3.1. | B19: Neft və qaz sektoru | C19: mln AZN | D19: 5094.6 | E19: 5959.4 | F19: 7137.1 | G19: 8648 | H19: 8483.9 | I19: =[1]Investisiya!AC12 -> 5995.2086 | J19: =[1]Investisiya!AD12 -> 5848.8829 | K19: =[1]Investisiya!AE12 -> 5987.6 | L19: =[1]Investisiya!AF12 -> 5813.5 | M19: =[1]Investisiya!AG12 -> 5464.85 | N19: =[1]Investisiya!AH12 -> 6306.9 | O19: =[1]Investisiya!AI12 -> 5852 | P19: =[1]Investisiya!AJ12 -> 5865.4269 | ... U19: =[1]Investisiya!AO12 -> 4663.9215
A20: 3.2. | B20: Digər sahələr | C20: mln AZN | D20: 12756.2 | E20: 11659.2 | F20: 8819.9282 | G20: 7124.8076 | H20: 8946.4 | I20: =[1]Investisiya!AC14 -> 11249.654 | J20: =[1]Investisiya!AD14 -> 12690.6 | K20: =[1]Investisiya!AE14 -> 11238.54 | L20: =[1]Investisiya!AF14 -> 11001.99 | M20: =[1]Investisiya!AG14 -> 12413.3 | N20: =[1]Investisiya!AH14 -> 15003.8 | O20: =[1]Investisiya!AI14 -> 16254.3 | P20: =[1]Investisiya!AJ14 -> 16453.15 | ... U20: =[1]Investisiya!AO14 -> 22186.823
A21: 4. | B21: Dövlət/Qeyri-dövlət
A22: 4.1. | B22: Dövlət | C22: mln AZN | D22: 10647.4 | E22: 9126.7 | F22: 5816.2 | G22: 5250.3 | H22: 6374.5 | I22: =[1]Investisiya!AC16 -> 8432.4 | J22: =[1]Investisiya!AD16 -> 8810.8 | K22: =[1]Investisiya!AE16 -> 8531.76 | L22: =[1]Investisiya!AF16 -> 7681.24 | M22: =[1]Investisiya!AG16 -> 9362.2 | N22: =[1]Investisiya!AH16 -> 11889.6 | O22: =[1]Investisiya!AI16 -> 13352.9 | P22: =[1]Investisiya!AJ16 -> 11210.432 | Q22: =[1]Investisiya!AK16 -> 11252.917
B23: Cəmi investisiyalarda xüsusi çəkisi | C23: % | K23: =K16/K10*100 -> 29.927192 | L23: =L16/L10*100 -> 25.295665 | M23: =M16/M10*100 -> 20.261045 | N23: =N16/N10*100 -> 18.305358 | O23: =O16/O10*100 -> 15.070817 | P23: =P16/P10*100 -> 22.909816 | Q23: =Q16/Q10*100 -> 24.880547
A24: 4.2. | B24: Qeyri-dövlət | C24: mln AZN | D24: 7203.4 | E24: 8491.9 | F24: 10140.828 | G24: 10522.508 | H24: 11055.8 | I24: =[1]Investisiya!AC18 -> 8812.4629 | J24: =[1]Investisiya!AD18 -> 9728.6765 | K24: =[1]Investisiya!AE18 -> 8694.38 | L24: =[1]Investisiya!AF18 -> 9134.25 | M24: =[1]Investisiya!AG18 -> 8515.95 | N24: =[1]Investisiya!AH18 -> 9421.1 | O24: =[1]Investisiya!AI18 -> 8753.4 | P24: =[1]Investisiya!AJ18 -> 11108.145 | Q24: =[1]Investisiya!AK18 -> 13184.084
A27: Əhalinin gəlirləri, xərcləri, orta aylıq əməkhaqqı, əhaliyə göstərilən ödənişli xidmətlər, məşğulluq və onların artım sürətləri
A28: № | B28: Göstəricilər | C28: Ölçü vahidi | D28: Hesabat | P28: Proqnoz
D29: =D9 -> 2013 | E29: =E9 -> 2014 | F29: =F9 -> 2015 | G29: =G9 -> 2016 | H29: =H9 -> 2017 | I29: =I9 -> 2018 | J29: =J9 -> 2019 | K29: =K9 -> 2020 | ... P29: =P9 -> 2025 | Q29: 2026 | R29: 2027 | S29: 2028 | T29: 2029 | U29: 2030
A30: 1. | B30: Gəlirlər | C30: mln AZN | D30: 37562 | E30: 39472.2 | F30: 41744.8 | G30: 45395.1 | H30: 49187.9 | I30: ='[2]7_10'!AC6 -> 53103.7 | J30: ='[2]7_10'!AD6 -> 56769 | K30: ='[2]7_10'!AE6 -> 55754.1 | L30: ='[2]7_10'!AF6 -> 57206.8 | M30: ='[2]7_10'!AG6 -> 69163 | N30: ='[2]7_10'!AH6 -> 78124.2 | O30: ='[2]7_10'!AI6 -> 83093.4 | P30: ='[2]7_10'!AJ6 -> 89901.523 | ... U30: ='[2]7_10'!AO6 -> 140165.6
B31: real artım tempi | C31: illik, % | D31: 5.2923623 | E31: 3.7450757 | F31: 1.6808443 | G31: -3.2911345 | H31: -4.0568381 | I31: ='[2]7_10'!AC7 -> 5.5336275 | J31: ='[2]7_10'!AD7 -> 4.1931341 | K31: ='[2]7_10'!AE7 -> -4.425517 | L31: ='[2]7_10'!AF7 -> -3.8373493 | M31: ='[2]7_10'!AG7 -> 6.1457093 | N31: ='[2]7_10'!AH7 -> 3.8204399 | O31: ='[2]7_10'!AI7 -> 4.0710774 | P31: ='[2]7_10'!AJ7 -> 6.3405959 | ... U31: ='[2]7_10'!AO7 -> 1.6907043
A32: 2. | B32: Xərclər | C32: mln AZN | D32: 28021.2 | E32: 30799.6 | F32: 34963.4 | G32: 39775 | H32: 44498.4 | I32: ='[2]7_10'!AC8 -> 47557.2 | J32: ='[2]7_10'!AD8 -> 51927.4 | K32: ='[2]7_10'!AE8 -> 49826.4 | L32: ='[2]7_10'!AF8 -> 55379.1 | M32: ='[2]7_10'!AG8 -> 66465.7 | N32: ='[2]7_10'!AH8 -> 76442.9 | O32: ='[2]7_10'!AI8 -> 81090.2 | P32: ='[2]7_10'!AJ8 -> 86280.935 | ... U32: ='[2]7_10'!AO8 -> 134654.98
B33: real artım tempi | C33: illik, % | D33: 9.7382306 | E33: 8.5087646 | F33: 9.1431978 | G33: 1.1710426 | H33: -0.93986168 | I33: ='[2]7_10'!AC9 -> 4.4711193 | J33: ='[2]7_10'!AD9 -> 6.4223734 | K33: ='[2]7_10'!AE9 -> -6.6231275 | L33: ='[2]7_10'!AF9 -> 4.1650349 | M33: ='[2]7_10'!AG9 -> 5.3726653 | N33: ='[2]7_10'!AH9 -> 5.7086864 | O33: ='[2]7_10'!AI9 -> 3.7959292 | P33: ='[2]7_10'!AJ9 -> 4.5791335 | ... U33: ='[2]7_10'!AO9 -> 1.3726534
A34: 3. | B34: Orta aylıq əmək haqqı | C34: AZN | D34: 425.1 | E34: 444.5 | F34: 466.9 | G34: 499.8 | H34: 528.5 | I34: 544.6 | J34: 634.8 | K34: ='[2]8'!AE7 -> 707.7 | L34: ='[2]8'!AF7 -> 732.1 | M34: ='[2]8'!AG7 -> 840 | N34: ='[2]8'!AH7 -> 933.9 | O34: ='[2]8'!AI7 -> 1009.2 | P34: ='[2]8'!AJ7 -> 1085.2743 | Q34: ='[2]8'!AK7 -> 1153.4177 | R34: ='[2]8'!AL7 -> 1237.9279 | ... U34: ='[2]8'!AO7 -> 1522.5468
B35: real artım tempi | C35: % | D35: 3.0087262 | E35: 3.1304017 | F35: 0.99042512 | G35: -4.8010685 | H35: -6.3703365 | I35: 0.76573293 | J35: 13.608786 | K35: ='[2]8'!AE8 -> 8.4384933 | L35: ='[2]8'!AF8 -> -3.0479957 | M35: ='[2]8'!AG8 -> 0.7361051 | N35: ='[2]8'!AH8 -> 2.186187 | O35: ='[2]8'!AI8 -> 5.7367532 | P35: ='[2]8'!AJ8 -> 5.6965553 | Q35: ='[2]8'!AK8 -> 3.4667137 | R35: ='[2]8'!AL8 -> 2.1525962 | ... U35: ='[2]8'!AO8 -> -0.57559653
A36: 3.1. | B36: Neft/qeyri-neft:
B37: Neft | C37: AZN | D37: 1554.7 | E37: 1758.5 | F37: 2197.2 | G37: 2802.4 | H37: 3082.6 | I37: 3007.6 | J37: 3108.4 | K37: ='[2]8'!AE58 -> 3348.6 | L37: ='[2]8'!AF58 -> 3166.6 | M37: ='[2]8'!AG58 -> 3367.9 | N37: ='[2]8'!AH58 -> 3506.3 | O37: ='[2]8'!AI58 -> 3729.4 | P37: ='[2]8'!AJ58 -> 3729.4 | Q37: ='[2]8'!AK58 -> 3749.2336 | R37: ='[2]8'!AL58 -> 3766.1024 | ... U37: ='[2]8'!AO58 -> 3861.8772
B38: real artım tempi | C38: % | D38: 4.9279864 | E38: 11.558283 | F38: 20.13106 | G38: 13.427988 | H38: -2.6016112 | I38: -4.5923662 | J38: 0.73246541 | K38: ='[2]8'!AE59 -> 4.5851664 | L38: ='[2]8'!AF59 -> -11.373109 | M38: ='[2]8'!AG59 -> -6.622497 | N38: ='[2]8'!AH59 -> -4.3112264 | O38: ='[2]8'!AI59 -> 4.0732217 | P38: ='[2]8'!AJ59 -> -1.7124367 | Q38: ='[2]8'!AK59 -> -2.1283068 | R38: ='[2]8'!AL59 -> -4.3928706 | ... U38: ='[2]8'!AO59 -> -5.7762727
B39: Qeyri-neft | C39: AZN | D39: 395.5 | E39: 411.2 | F39: 425 | G39: 444.8 | H39: 468.8 | I39: 488.4 | J39: 579.1 | K39: ='[2]8'!AE60 -> 651.1 | L39: ='[2]8'!AF60 -> 683.6 | M39: ='[2]8'!AG60 -> 790.4 | N39: ='[2]8'!AH60 -> 885 | O39: ='[2]8'!AI60 -> 959.6 | P39: ='[2]8'!AJ60 -> 1039.4666 | Q39: ='[2]8'!AK60 -> 1109.5228 | R39: ='[2]8'!AL60 -> 1196.2646 | ... U39: ='[2]8'!AO60 -> 1486.8574
B40: real artım tempi | C40: % | D40: 3.1643496 | E40: 2.5445697 | F40: -0.62802628 | G40: -6.9244643 | H40: -6.4579398 | I40: 0.88785177 | J40: 13.898981 | K40: ='[2]8'!AE61 -> 9.3945117 | L40: ='[2]8'!AF61 -> -1.6011689 | M40: ='[2]8'!AG61 -> 1.512881 | N40: ='[2]8'!AH61 -> 2.9123378 | O40: ='[2]8'!AI61 -> 6.0952823 | P40: ='[2]8'!AJ61 -> 5.8314417 | Q40: ='[2]8'!AK61 -> 3.5657441 | R40: ='[2]8'!AL61 -> 2.265724 | ... U40: ='[2]8'!AO61 -> -0.49215162
A41: 4. | B41: Əhaliyə göstərilən ödənişli xidmətlər | C41: mln AZN | D41: ='[2]7_10'!X11 -> 6527.3 | E41: ='[2]7_10'!Y11 -> 7016.4 | F41: ='[2]7_10'!Z11 -> 7462.8 | G41: ='[2]7_10'!AA11 -> 7809.8 | H41: ='[2]7_10'!AB11 -> 8636 | I41: ='[2]7_10'!AC11 -> 9131.8 | J41: ='[2]7_10'!AD11 -> 9607.2587 | K41: ='[2]7_10'!AE11 -> 6998.4 | ... U41: ='[2]7_10'!AO11 -> 22229.865
B42: real artım tempi | C42: illik, % | D42: ='[2]7_10'!X12 -> 8.2 | E42: ='[2]7_10'!Y12 -> 7.2 | F42: ='[2]7_10'!Z12 -> 5.1 | G42: ='[2]7_10'!AA12 -> -1.1 | H42: ='[2]7_10'!AB12 -> 1.2 | I42: ='[2]7_10'!AC12 -> 3 | J42: ='[2]7_10'!AD12 -> 3.1 | K42: ='[2]7_10'!AE12 -> -27.9 | ... U42: ='[2]7_10'!AO12 -> 3.3931008
A43: 5. | B43: Ümumi məşğulluq | C43: min nəfər | D43: 4521.2 | E43: 4602.9 | F43: 4671.6 | G43: 4759.9 | H43: 4822.1 | I43: 4879.3 | J43: 4938.5 | K43: ='[2]9'!AE7 -> 4721.2 | L43: ='[2]9'!AF7 -> 4831.1 | M43: ='[2]9'!AG7 -> 4901.1 | N43: ='[2]9'!AH7 -> 4963.3 | O43: ='[2]9'!AI7 -> 5029.8 | P43: ='[2]9'!AJ7 -> 5085.3326 | Q43: ='[2]9'!AK7 -> 5136.245 | R43: ='[2]9'!AL7 -> 5187.5628 | ... U43: ='[2]9'!AO7 -> 5332.3364
B44: Artım tempi | C44: % | D44: 1.7074213 | E44: 1.8070424 | F44: 1.4925373 | G44: 1.8901447 | H44: 1.3067501 | I44: 1.1862052 | J44: 1.2132888 | K44: ='[2]9'!AE8 -> -1.3457038 | L44: ='[2]9'!AF8 -> 2.327798 | M44: ='[2]9'!AG8 -> 1.4489454 | N44: ='[2]9'!AH8 -> 1.2691029 | O44: ='[2]9'!AI8 -> 1.3398344 | P44: ='[2]9'!AJ8 -> 1.1040713 | Q44: ='[2]9'!AK8 -> 1.0011613 | R44: ='[2]9'!AL8 -> 0.99913209 | ... U44: ='[2]9'!AO8 -> 0.66729072
A45: 5.1. | B45: Neft/qeyri-neft:
B46: Neft (muzdlu) | C46: min nəfər | D46: 613.9 | E46: 626.11662 | F46: 641.10153 | G46: 34.4 | H46: 33.9 | I46: 34.2 | J46: 34.8 | K46: ='[2]9'!AE58 -> 33.8 | L46: ='[2]9'!AF58 -> 31.6 | M46: ='[2]9'!AG58 -> 31.7 | N46: ='[2]9'!AH58 -> 31.4 | O46: ='[2]9'!AI58 -> 31.8 | P46: ='[2]9'!AJ58 -> 31.92476 | Q46: ='[2]9'!AK58 -> 32.030734 | R46: ='[2]9'!AL58 -> 32.242584 | ... T46: ='[2]9'!AN58 -> 32.630085
B47: Artım tempi | C47: % | D47: 0.50753111 | E47: 0.3 | F47: 2.3933103 | G47: 0 | H47: -1.4534884 | I47: 0.88495575 | J47: 1.754386 | K47: ='[2]9'!AE59 -> -2.5936599 | L47: ='[2]9'!AF59 -> -6.5088757 | M47: ='[2]9'!AG59 -> 0.3164557 | N47: ='[2]9'!AH59 -> -0.94637224 | O47: ='[2]9'!AI59 -> 1.2738854 | P47: ='[2]9'!AJ59 -> 0.39232801 | Q47: ='[2]9'!AK59 -> 0.33194943 | R47: ='[2]9'!AL59 -> 0.66139533 | ... T47: ='[2]9'!AN59 -> 0.74550349
B48: Qeyri-neft | C48: min nəfər | D48: 3907.3 | E48: 3976.7834 | F48: 4030.4985 | G48: 4725.5 | H48: 4788.2 | I48: 4845.1 | J48: 4903.7 | K48: ='[2]9'!AE60 -> 4687.4 | L48: ='[2]9'!AF60 -> 4799.5 | M48: ='[2]9'!AG60 -> 4869.4 | N48: ='[2]9'!AH60 -> 4931.9 | O48: ='[2]9'!AI60 -> 4998 | P48: ='[2]9'!AJ60 -> 5053.4078 | Q48: ='[2]9'!AK60 -> 5104.2142 | R48: ='[2]9'!AL60 -> 5155.3203 | ... T48: ='[2]9'!AN60 -> 5264.36
B49: Artım tempi | C49: % | D49: 1.8985526 | E49: 1.7782966 | F49: 1.3507169 | G49: 1.9041663 | H49: 1.3268437 | I49: 1.188338 | J49: 1.2094694 | K49: ='[2]9'!AE61 -> -1.3365889 | L49: ='[2]9'!AF61 -> 2.3915177 | M49: ='[2]9'!AG61 -> 1.4564017 | N49: ='[2]9'!AH61 -> 1.2835257 | O49: ='[2]9'!AI61 -> 1.3402543 | P49: ='[2]9'!AJ61 -> 1.1085998 | Q49: ='[2]9'!AK61 -> 1.0053891 | R49: ='[2]9'!AL61 -> 1.0012515 | ... T49: ='[2]9'!AN61 -> 1.1030022
A51: Orta illik inflyasiya və yaşayış minimumu
A52: № | B52: Göstəricilər | C52: Ölçü vahidi | D52: Hesabat | P52: Proqnoz
D53: =D3 -> 2013 | E53: =E3 -> 2014 | F53: =F3 -> 2015 | G53: =G3 -> 2016 | H53: =H3 -> 2017 | I53: 2018 | J53: 2019 | K53: 2020 | L53: 2021 | M53: 2022 | N53: 2023 | O53: 2024 | P53: 2025 | Q53: 2026 | R53: 2027 | S53: 2028 | T53: 2029 | U53: 2030
A54: 1. | B54: İnflyasiya (İQİ, orta illik) | C54: % | D54: 3.5852118 | E54: 1.3897264 | F54: 4.0092365 | G54: 12.44504 | H54: 12.936748 | I54: ='[7]11_12'!AC6 -> 2.3 | J54: ='[7]11_12'!AD6 -> 2.6 | K54: ='[7]11_12'!AE6 -> 2.7598847 | L54: ='[7]11_12'!AF6 -> 6.7 | M54: ='[7]11_12'!AG6 -> 13.9 | N54: ='[7]11_12'!AH6 -> 8.8 | O54: ='[7]11_12'!AI6 -> 2.2 | P54: ='[7]11_12'!AJ6 -> 1.7422721 | ... U54: ='[7]11_12'!AO6 -> 7.2035648
A55: 2. | B55: Yaşayış minimumu | C55: AZN | G55: 148.5 | H55: 163.4 | I55: 175.2 | J55: 185.5 | K55: 195 | L55: 205 | M55: 230 | N55: 246
A56: 2.1. | B56: Əmək qabiliyyətli əhali üçün | C56: AZN | G56: 157.6 | H56: 173.74198 | I56: 185.3 | J56: 197 | K56: 197 | L56: 216.9 | M56: 244 | N56: 260.8
A57: 2.2. | B57: Pensiyaçılar üçün | C57: AZN | G57: 123 | H57: 135.61923 | I57: 145.1 | J57: 151.7 | K57: 158 | L57: 165.7 | M57: 186.4 | N57: 199.3
A58: 2.3. | B58: Uşaqlar üçün | C58: AZN | G58: 131.2 | H58: 144.67823 | I58: 156.3 | J58: 163.6 | K58: 173 | L58: 182.9 | M58: 205.8 | N58: 220

Sheet 2.4.1.13.-14.
A1: Mal və xidmətlərin ticarət və tədiyə balansına görə idxalının və ixracının əsas göstəriciləri, onun strukturu (tədiyə balansı metodologiyası)
A2: № | B2: Göstəricilər | C2: Ölçü vahidi | D2: Hesabat | P2: Proqnoz
D3: =E3-1 -> 2013 | E3: =F3-1 -> 2014 | F3: =G3-1 -> 2015 | G3: =H3-1 -> 2016 | H3: =I3-1 -> 2017 | I3: =J3-1 -> 2018 | J3: =K3-1 -> 2019 | K3: =L3-1 -> 2020 | L3: =M3-1 -> 2021 | M3: 2022 | N3: 2023 | O3: 2024 | P3: 2025 | Q3: 2026 | R3: 2027 | S3: 2028 | T3: 2029 | U3: 2030
A4: 1. | B4: Malların ixracı | C4: mln USD | D4: 31776.362 | E4: 28259.629 | F4: 15586.052 | G4: 13210.511 | H4: 15152.059 | I4: =[8]BOP!AC9 -> 20793.769 | J4: =[8]BOP!AD9 -> 19868.261 | K4: =[8]BOP!AE9 -> 12588.158 | L4: =[8]BOP!AF9 -> 21692.281 | M4: =[8]BOP!AG9 -> 42206.694 | N4: =[8]BOP!AH9 -> 29202.114 | O4: =[8]BOP!AI9 -> 25992.028 | P4: =[8]BOP!AJ9 -> 22740.454 | ... U4: =[8]BOP!AO9 -> 20393.947
A5: 1.1 | B5: Neft və qaz | C5: mln USD | D5: 30003.324 | E5: 26627.285 | F5: 14087.807 | G5: 12050.387 | H5: 13679.018 | I5: =[8]BOP!AC10 -> 19176.026 | J5: =[8]BOP!AD10 -> 18017.195 | K5: =[8]BOP!AE10 -> 10817.262 | L5: =[8]BOP!AF10 -> 19144.923 | M5: =[8]BOP!AG10 -> 39266.864 | N5: =[8]BOP!AH10 -> 25934.976 | O5: =[8]BOP!AI10 -> 22750.993 | P5: =[8]BOP!AJ10 -> 19171.823 | ... U5: =[8]BOP!AO10 -> 14920.611
A6: 1.2 | B6: Digər sektorlar | C6: mln USD | D6: 1773.038 | E6: 1632.344 | F6: 1498.245 | G6: 1160.124 | H6: 1473.041 | I6: =[8]BOP!AC11 -> 1617.743 | J6: =[8]BOP!AD11 -> 1851.066 | K6: =[8]BOP!AE11 -> 1770.896 | L6: =[8]BOP!AF11 -> 2547.358 | M6: =[8]BOP!AG11 -> 2939.8302 | N6: =[8]BOP!AH11 -> 3267.138 | O6: =[8]BOP!AI11 -> 3241.035 | P6: =[8]BOP!AJ11 -> 3568.631 | ... U6: =[8]BOP!AO11 -> 5473.3351
A7: 2. | B7: Malların idxalı | C7: mln USD | D7: 11155.585 | E7: 9332.001 | F7: 9773.629 | G7: 9004.176 | H7: 9037.316 | I7: =[8]BOP!AC12 -> 10952.441 | J7: =[8]BOP!AD12 -> 11335.316 | K7: =[8]BOP!AE12 -> 10076.564 | L7: =[8]BOP!AF12 -> 10418.668 | M7: =[8]BOP!AG12 -> 13509.216 | N7: =[8]BOP!AH12 -> 16396.551 | O7: =[8]BOP!AI12 -> 17167.084 | P7: =[8]BOP!AJ12 -> 16872.405 | ... U7: =[8]BOP!AO12 -> 19445.246
A8: 2.1 | B8: Neft və qaz | C8: mln USD | D8: 1166.617 | E8: 1437.999 | F8: 2403.019 | G8: 2328.698 | H8: 1342.501 | I8: =[8]BOP!AC13 -> 1745.377 | J8: =[8]BOP!AD13 -> 1881.509 | K8: =[8]BOP!AE13 -> 1876.085 | L8: =[8]BOP!AF13 -> 1624.718 | M8: =[8]BOP!AG13 -> 2539.025 | N8: =[8]BOP!AH13 -> 2848.506 | O8: =[8]BOP!AI13 -> 2468.831 | P8: =[8]BOP!AJ13 -> 2498.8415 | ... U8: =[8]BOP!AO13 -> 1371.5471
A9: 2.2 | B9: Digər sektorlar | C9: mln USD | D9: 9988.968 | E9: 7894.002 | F9: 7370.61 | G9: 6675.478 | H9: 7694.815 | I9: =[8]BOP!AC14 -> 9207.064 | J9: =[8]BOP!AD14 -> 9453.807 | K9: =[8]BOP!AE14 -> 8200.479 | L9: =[8]BOP!AF14 -> 8793.95 | M9: =[8]BOP!AG14 -> 10970.191 | N9: =[8]BOP!AH14 -> 13548.045 | O9: =[8]BOP!AI14 -> 14698.253 | P9: =[8]BOP!AJ14 -> 14373.564 | ... U9: =[8]BOP!AO14 -> 18073.699
A10: 3. | B10: Xidmətlərin ixracı | C10: mln USD | D10: 4130.923 | E10: 4297.161 | F10: 4443.986 | G10: 4368.29 | H10: 4688.439 | I10: =[8]BOP!AC16 -> 4690.703 | J10: =[8]BOP!AD16 -> 3761.48 | K10: =[8]BOP!AE16 -> 2620.595 | L10: =[8]BOP!AF16 -> 3795.384 | M10: =[8]BOP!AG16 -> 5067.393 | N10: =[8]BOP!AH16 -> 6285.24 | O10: =[8]BOP!AI16 -> 8120.879 | P10: =[8]BOP!AJ16 -> 8662.9378 | ... U10: =[8]BOP!AO16 -> 11046.116
A11: 4. | B11: Xidmətlərin idxalı | C11: mln USD | D11: 8319.931 | E11: 10386.721 | F11: 8672.851 | G11: 7522.805 | H11: 8067.752 | I11: =[8]BOP!AC19 -> 6752.757 | J11: =[8]BOP!AD19 -> 6377.143 | K11: =[8]BOP!AE19 -> 5461.255 | L11: =[8]BOP!AF19 -> 5918.282 | M11: =[8]BOP!AG19 -> 7765.216 | N11: =[8]BOP!AH19 -> 8619.888 | O11: =[8]BOP!AI19 -> 10171.724 | P11: =[8]BOP!AJ19 -> 9870.2828 | ... U11: =[8]BOP!AO19 -> 10314.412
A12: 4.1 | B12: Neft və qaz | C12: mln USD | D12: 2565.485 | E12: 4057.678 | F12: 3665.051 | G12: 3154.647 | H12: 3351.438 | I12: =[8]BOP!AC20 -> 1907.373 | J12: =[8]BOP!AD20 -> 2039.409 | K12: =[8]BOP!AE20 -> 2801.649 | L12: =[8]BOP!AF20 -> 2621.537 | M12: =[8]BOP!AG20 -> 3293.344 | N12: =[8]BOP!AH20 -> 3584.568 | O12: =[8]BOP!AI20 -> 3450.591
A13: 4.2 | B13: Digər sektorlar | C13: mln USD | D13: 5754.446 | E13: 6329.043 | F13: 5007.8 | G13: 4368.158 | H13: 4716.314 | I13: =[8]BOP!AC21 -> 4845.384 | J13: =[8]BOP!AD21 -> 4337.734 | K13: =[8]BOP!AE21 -> 2659.606 | L13: =[8]BOP!AF21 -> 3296.745 | M13: =[8]BOP!AG21 -> 4471.872 | N13: =[8]BOP!AH21 -> 5035.32 | O13: =[8]BOP!AI21 -> 6721.133
A16: Cari əməliyyatlar hesabı
A17: № | B17: Göstəricilər | C17: Ölçü vahidi | D17: Hesabat | P17: Proqnoz
D18: ='2.4.1.1.'!$D$3 -> 2013 | E18: =D18+1 -> 2014 | G18: 2016 | H18: =G18+1 -> 2017 | I18: =H18+1 -> 2018 | J18: =I18+1 -> 2019 | K18: =J18+1 -> 2020 | L18: =K18+1 -> 2021 | M18: =L18+1 -> 2022 | N18: =M18+1 -> 2023 | O18: =N18+1 -> 2024 | P18: =O18+1 -> 2025 | Q18: 2026 | R18: 2027 | S18: 2028 | T18: 2029 | U18: 2030
A19: A. | B19: CARİ ƏMƏLİYYATLAR HESABI | C19: mln USD | D19: 12317.836 | E19: 10398.618 | F19: -222.495 | G19: -1363.404 | H19: 1684.559 | I19: =[8]BOP!AC4 -> 6051.077 | J19: =[8]BOP!AD4 -> 4364.886 | K19: =[8]BOP!AE4 -> -227.568 | L19: =[8]BOP!AF4 -> 8291.58 | M19: =[8]BOP!AG4 -> 23478.079 | N19: =[8]BOP!AH4 -> 8329.3676 | O19: =[8]BOP!AI4 -> 4671.108 | P19: =[8]BOP!AJ4 -> 3828.0968 | ... U19: =[8]BOP!AO4 -> 2154.0727
A20: A.1. | B20: XARİCİ TİCARƏT BALANSI | C20: mln USD | D20: 20620.777 | E20: 18927.628 | F20: 5812.423 | G20: 4206.335 | H20: 6114.743 | I20: =[8]BOP!AC8 -> 9841.328 | J20: =[8]BOP!AD8 -> 8532.945 | K20: =[8]BOP!AE8 -> 2511.594 | L20: =[8]BOP!AF8 -> 11273.613 | M20: =[8]BOP!AG8 -> 28697.478 | N20: =[8]BOP!AH8 -> 12805.563 | O20: =[8]BOP!AI8 -> 8824.944 | P20: =[8]BOP!AJ8 -> 5868.0488 | ... U20: =[8]BOP!AO8 -> 948.70086
B21: Neft-qaz sektoru | C21: mln USD | D21: 28836.707 | E21: 25189.286 | F21: 11684.788 | G21: 9721.689 | H21: 12336.517 | I21: =[8]BOP!AC10-[8]BOP!AC13 -> 17430.649 | J21: =[8]BOP!AD10-[8]BOP!AD13 -> 16135.686 | K21: =[8]BOP!AE10-[8]BOP!AE13 -> 8941.177 | L21: =[8]BOP!AF10-[8]BOP!AF13 -> 17520.205 | M21: =[8]BOP!AG10-[8]BOP!AG13 -> 36727.839 | N21: =[8]BOP!AH10-[8]BOP!AH13 -> 23086.47 | O21: =[8]BOP!AI10-[8]BOP!AI13 -> 20282.162 | P21: =[8]BOP!AJ10-[8]BOP!AJ13 -> 16672.982 | ... U21: =[8]BOP!AO10-[8]BOP!AO13 -> 13549.064
B22: Digər sektorlar | C22: mln USD | D22: -8215.93 | E22: -6261.658 | F22: -5872.365 | G22: -5515.354 | H22: -6221.774 | I22: =[8]BOP!AC11-[8]BOP!AC14 -> -7589.321 | J22: =[8]BOP!AD11-[8]BOP!AD14 -> -7602.741 | K22: =[8]BOP!AE11-[8]BOP!AE14 -> -6429.583 | L22: =[8]BOP!AF11-[8]BOP!AF14 -> -6246.592 | M22: =[8]BOP!AG11-[8]BOP!AG14 -> -8030.3608 | N22: =[8]BOP!AH11-[8]BOP!AH14 -> -10280.907 | O22: =[8]BOP!AI11-[8]BOP!AI14 -> -11457.218 | P22: =[8]BOP!AJ11-[8]BOP!AJ14 -> -10804.933 | ... U22: =[8]BOP!AO11-[8]BOP!AO14 -> -12600.364
A23: A2. | B23: XİDMƏTLƏR BALANSI | C23: mln USD | D23: -4189.008 | E23: -6089.56 | F23: -4228.865 | G23: -3154.515 | H23: -3379.313 | I23: =[8]BOP!AC15 -> -2062.054 | J23: =[8]BOP!AD15 -> -2615.663 | K23: =[8]BOP!AE15 -> -2840.66 | L23: =[8]BOP!AF15 -> -2122.898 | M23: =[8]BOP!AG15 -> -2697.823 | N23: =[8]BOP!AH15 -> -2334.648 | O23: =[8]BOP!AI15 -> -2050.845 | P23: =[8]BOP!AJ15 -> -1207.345 | ... U23: =[8]BOP!AO15 -> 731.70465
B24: Neft-qaz sektoru | C24: mln USD | D24: -2565.485 | E24: -4057.678 | F24: -3064.464 | G24: -2740.27 | H24: -3102.58 | I24: =[8]BOP!AC17-[8]BOP!AC20 -> -1712.021 | J24: =[8]BOP!AD17-[8]BOP!AD20 -> -1839.003 | K24: =[8]BOP!AE17-[8]BOP!AE20 -> -2416.616 | L24: =[8]BOP!AF17-[8]BOP!AF20 -> -1645.241 | M24: =[8]BOP!AG17-[8]BOP!AG20 -> -1982.655 | N24: =[8]BOP!AH17-[8]BOP!AH20 -> -2062.071 | O24: =[8]BOP!AI17-[8]BOP!AI20 -> -1843.056 | P24: =[8]BOP!AJ17-[8]BOP!AJ20 -> -1259.3814 | ... U24: =[8]BOP!AO17-[8]BOP!AO20 -> -320.72881
B25: Digər sektorlar | C25: mln USD | D25: -1623.523 | E25: -2031.882 | F25: -1164.401 | G25: -414.245 | H25: -276.733 | I25: =[8]BOP!AC18-[8]BOP!AC21 -> -350.033 | J25: =[8]BOP!AD18-[8]BOP!AD21 -> -776.66 | K25: =[8]BOP!AE18-[8]BOP!AE21 -> -424.044 | L25: =[8]BOP!AF18-[8]BOP!AF21 -> -477.657 | M25: =[8]BOP!AG18-[8]BOP!AG21 -> -715.168 | N25: =[8]BOP!AH18-[8]BOP!AH21 -> -272.577 | O25: =[8]BOP!AI18-[8]BOP!AI21 -> -207.789 | P25: =[8]BOP!AJ18-[8]BOP!AJ21 -> 52.036365 | ... U25: =[8]BOP!AO18-[8]BOP!AO21 -> 1052.4335
A26: A3. | B26: İLKİN GƏLİRLƏR | C26: mln USD | D26: -4120.587 | E26: -2581.701 | F26: -2027.798 | G26: -2472.054 | H26: -1759.549 | I26: =[8]BOP!AC22 -> -2459.565 | J26: =[8]BOP!AD22 -> -2061.014 | K26: =[8]BOP!AE22 -> -456.278 | L26: =[8]BOP!AF22 -> -1318.616 | M26: =[8]BOP!AG22 -> -5486.978 | N26: =[8]BOP!AH22 -> -3199.117 | O26: =[8]BOP!AI22 -> -2734.735 | P26: =[8]BOP!AJ22 -> -1503.5294 | ... U26: =[8]BOP!AO22 -> -580.36745
A27: A4. | B27: TƏKRAR GƏLİRLƏR | C27: mln USD | D27: 6.654 | E27: 174.163 | F27: 221.745 | G27: 56.83 | H27: 708.678 | I27: =[8]BOP!AC29 -> 731.368 | J27: =[8]BOP!AD29 -> 508.618 | K27: =[8]BOP!AE29 -> 557.776 | L27: =[8]BOP!AF29 -> 459.481 | M27: =[8]BOP!AG29 -> 2965.402 | N27: =[8]BOP!AH29 -> 1057.57 | O27: =[8]BOP!AI29 -> 631.744 | P27: =[8]BOP!AJ29 -> 670.92242 | ... U27: =[8]BOP!AO29 -> 1054.0347
A28: B | B28: KAPİTAL HESABI | C28: mln USD | D28: -12.91 | E28: -6.917 | F28: -43.884 | G28: -40.131 | H28: 100.369 | I28: =[8]BOP!AC33 -> 1.424 | J28: =[8]BOP!AD33 -> -18.62 | K28: =[8]BOP!AE33 -> -7.375 | L28: =[8]BOP!AF33 -> -4.166 | M28: =[8]BOP!AG33 -> -0.002 | N28: =[8]BOP!AH33 -> -9.618 | O28: =[8]BOP!AI33 -> -1.445
A29: C. | B29: MALİYYƏ HESABI | C29: mln USD | D29: -6486.468 | E29: -3402.119 | F29: -9023.251 | G29: -2761.505 | H29: -201.377 | I29: =[8]BOP!AC36 -> -3190.778 | J29: =[8]BOP!AD36 -> 134.849 | K29: =[8]BOP!AE36 -> -2400.765 | L29: =[8]BOP!AF36 -> -5052.455 | M29: =[8]BOP!AG36 -> -12485.159 | N29: =[8]BOP!AH36 -> -4283.996 | O29: =[8]BOP!AI36 -> -6628.8765
A30: C1. | B30: BİRBAŞA İNVESTİSİYALAR | C30: mln USD | D30: 1141.55 | E30: 2221.635 | F30: 787.861 | G30: 1926.065 | H30: 301.706 | I30: -807.985 | J30: -1021.3221 | K30: -462.11993 | L30: -304.90951 | M30: -576.07201 | N30: -878.27441 | O30: -878.27441
A31: C2. | B31: NEFT BONUSU | C31: mln USD | H31: 1.406 | I31: 450.107 | J31: 450.1 | K31: 450.2 | L31: 450.2 | M31: 450.2 | N31: 450.2 | O31: 450.2
A32: C3. | B32: PORTFEL İNVESTİSİYALARI | C32: mln USD | D32: 718.509 | E32: 1321.422 | F32: 392.358 | G32: 487.854 | H32: 2668.891 | I32: -1240.981 | J32: -725.15284 | K32: -545.77797 | L32: -611.25782 | M32: -426.32958 | N32: -419.74567 | O32: -419.74567
A33: C4. | B33: TÖRƏMƏ MALİYYƏ ALƏTLƏRİ | C33: mln USD | D33: 0 | E33: 0 | F33: 0 | G33: 0.66 | H33: 3.827 | I33: -0.882 | J33: -4.92875 | K33: 0 | L33: 0 | M33: 0 | N33: 0 | O33: 0
A34: C5. | B34: DİGƏR İNVESTİSİYALAR | C34: mln USD | D34: -8348.886 | E34: -6962.188 | F34: -10205.47 | G34: -5176.136 | H34: -3177.207 | I34: -1591.036 | J34: 570.41015 | K34: -1014.4035 | L34: -1493.626 | M34: -1952.5991 | N34: -1822.95 | O34: -1822.95
A35: D. | B35: EHTİYAT AKTİVLƏRİ | C35: mln USD | D35: 3843.369 | E35: 4211.242 | F35: -11327.03 | G35: -539.183 | H35: 1972.741 | I35: =-[8]BOP!AC57 -> 3508.12 | J35: =-[8]BOP!AD57 -> 5142.924 | K35: =-[8]BOP!AE57 -> -1987.666 | L35: =-[8]BOP!AF57 -> 3081.38 | M35: =-[8]BOP!AG57 -> 9375.1549 | N35: =-[8]BOP!AH57 -> 5356.3606 | O35: =-[8]BOP!AI57 -> -2065.8995
A36: E. | B36: BALANSLAŞDIRICI MADDƏLƏR | C36: mln USD | D36: -1975.089 | E36: -2778.34 | F36: -2037.4 | G36: 3625.857 | H36: 389.19 | I36: =[8]BOP!AC61 -> 646.397 | J36: =[8]BOP!AD61 -> 661.809 | K36: =[8]BOP!AE61 -> 648.042 | L36: =[8]BOP!AF61 -> -153.579 | M36: =[8]BOP!AG61 -> -1617.763 | N36: =[8]BOP!AH61 -> 1320.607 | O36: =[8]BOP!AI61 -> -106.686
